{
    "mse": 1.782170588415039,
    "max_dev": 2.1260290341117662,
    "smoothness": 5.586777212026147,
    "num_episodes": 5,
    "mean_trajectory": [
        [
            -0.12615650941857032,
            0.1284304643154895
        ],
        [
            0.052303965579016086,
            0.11452039646478085
        ],
        [
            -0.7085208053571479,
            -0.13573594553910853
        ],
        [
            -0.4651771144948751,
            0.037584274431360615
        ],
        [
            0.3415134117391803,
            0.1983012128928249
        ],
        [
            0.5460938578129914,
            0.20571171094860974
        ],
        [
            0.6163796487066009,
            0.5090383604320046
        ],
        [
            0.4560307055303639,
            0.5874215537311623
        ],
        [
            0.8989549770069323,
            0.13482663935264308
        ],
        [
            0.754350063078917,
            0.34841975034789807
        ],
        [
            0.5732757407676239,
            0.49327121183957523
        ],
        [
            1.2206853744158994,
            0.3763291655721458
        ],
        [
            1.134663606161436,
            0.2774754047240148
        ],
        [
            1.030283349448585,
            0.23727849491607858
        ],
        [
            0.747847143761249,
            0.39133592118509414
        ],
        [
            0.7453151741200488,
            0.3465637240215061
        ],
        [
            0.6838619160309947,
            0.060181093138141684
        ],
        [
            0.9297690143481793,
            -0.05202366252038426
        ],
        [
            0.7513891007296912,
            0.06529155540487856
        ],
        [
            0.9087062348475186,
            0.22247086037880415
        ],
        [
            1.072701680159982,
            0.13695144334759463
        ],
        [
            1.1067150373663797,
            0.3199233298535597
        ],
        [
            1.1612150511988566,
            0.7015636726068245
        ],
        [
            1.4466874756230437,
            0.7132123465773489
        ],
        [
            1.5739672915048852,
            1.1563303501014246
        ],
        [
            1.9484331101175123,
            0.8506514381837065
        ],
        [
            1.7687698984722489,
            0.5819874054193065
        ],
        [
            1.8428800930389897,
            0.6409693177712711
        ],
        [
            1.542105942147812,
            0.5571246635096884
        ],
        [
            1.5543101759822562,
            0.709085743672307
        ],
        [
            1.7626016183405142,
            0.9523895258818584
        ],
        [
            1.620861077509565,
            0.873916181210393
        ],
        [
            1.9580615784737418,
            0.50762814196828
        ],
        [
            1.978400234616617,
            0.5310407057704196
        ],
        [
            1.752391228304959,
            0.6058293078229327
        ],
        [
            1.7236421203061116,
            0.3807882792941655
        ],
        [
            1.7211434879429,
            0.2907681249835946
        ],
        [
            1.2530511891701541,
            0.4180573378312829
        ],
        [
            1.1798537974819878,
            0.36906434101106245
        ],
        [
            1.071912484293778,
            0.3639099841208804
        ],
        [
            1.0247441300605484,
            0.2788195921433271
        ],
        [
            1.0724756349353695,
            0.3074670869429951
        ],
        [
            1.1596559218552212,
            0.1366919342035658
        ],
        [
            1.6069697402615752,
            0.12510640332988032
        ],
        [
            1.8327932107602884,
            -0.039659695573107
        ],
        [
            1.735852934028307,
            0.1467849350086567
        ],
        [
            1.047163535145001,
            0.08749555565588026
        ],
        [
            0.9204413863817635,
            -0.11153542597012348
        ]
    ]
}