{
    "mse": 6.7999818603951345,
    "max_dev": 4.200381151460207,
    "smoothness": 22.276025091248822,
    "num_episodes": 5,
    "mean_trajectory": [
        [
            -0.25231301883714063,
            0.256860928630979
        ],
        [
            0.10460793115803217,
            0.2290407929295617
        ],
        [
            -1.4170416107142958,
            -0.27147189107821706
        ],
        [
            -0.9303542289897502,
            0.07516854886272123
        ],
        [
            0.6830268234783606,
            0.3966024257856498
        ],
        [
            1.0921877156259827,
            0.4114234218972195
        ],
        [
            1.2327592974132018,
            1.0180767208640091
        ],
        [
            0.9120614110607278,
            1.1748431074623247
        ],
        [
            1.7979099540138646,
            0.26965327870528616
        ],
        [
            1.508700126157834,
            0.6968395006957961
        ],
        [
            1.1465514815352478,
            0.9865424236791505
        ],
        [
            2.441370748831799,
            0.7526583311442916
        ],
        [
            2.269327212322872,
            0.5549508094480295
        ],
        [
            2.06056669889717,
            0.47455698983215716
        ],
        [
            1.495694287522498,
            0.7826718423701883
        ],
        [
            1.4906303482400975,
            0.6931274480430122
        ],
        [
            1.3677238320619893,
            0.12036218627628337
        ],
        [
            1.8595380286963585,
            -0.10404732504076852
        ],
        [
            1.5027782014593825,
            0.13058311080975712
        ],
        [
            1.8174124696950371,
            0.4449417207576083
        ],
        [
            2.145403360319964,
            0.27390288669518925
        ],
        [
            2.2134300747327593,
            0.6398466597071194
        ],
        [
            2.322430102397713,
            1.403127345213649
        ],
        [
            2.8770651784478334,
            1.4222381482791675
        ],
        [
            3.111120376653697,
            2.313387406468377
        ],
        [
            3.8310241184139473,
            1.722340274647496
        ],
        [
            3.4439910771737146,
            1.2013680497369421
        ],
        [
            3.579909194373512,
            1.331014248965903
        ],
        [
            2.9549032267679687,
            1.1855854568778796
        ],
        [
            2.9680078413938036,
            1.5075380586428708
        ],
        [
            3.3854526590933913,
            2.006683965650075
        ],
        [
            3.083249171590103,
            1.8587803591297303
        ],
        [
            3.723006991281956,
            1.1331791872998338
        ],
        [
            3.7052006824305557,
            1.192213402320806
        ],
        [
            3.241247670341045,
            1.3814837980622088
        ],
        [
            3.2242407849096004,
            0.9321356618922778
        ],
        [
            3.2339121009556586,
            0.7797133651043395
        ],
        [
            2.335157189236978,
            1.046312969866517
        ],
        [
            2.1939507307223685,
            0.9613607487842273
        ],
        [
            1.9695073446682752,
            0.9357191182113069
        ],
        [
            1.8183968387501863,
            0.7856814150141418
        ],
        [
            1.9403128342106228,
            0.8429764046134437
        ],
        [
            2.129756346513074,
            0.5092610132195773
        ],
        [
            3.0648654716337096,
            0.5029415932691791
        ],
        [
            3.5732742057514337,
            0.17651613177735043
        ],
        [
            3.399647066967154,
            0.5292959580384491
        ],
        [
            2.0364898347518334,
            0.4040769162976517
        ],
        [
            1.804012917997453,
            0.011936180794214124
        ]
    ]
}