{
    "mse": 0.0005246397476596723,
    "max_dev": 0.07335365267261805,
    "smoothness": 0.005372142114010245,
    "num_episodes": 5,
    "mean_trajectory": [
        [
            0.0,
            0.0
        ],
        [
            0.0,
            0.0
        ],
        [
            0.0,
            0.0
        ],
        [
            0.0,
            0.0
        ],
        [
            0.0,
            0.0
        ],
        [
            0.0,
            0.0
        ],
        [
            0.0,
            0.0
        ],
        [
            0.0,
            0.0
        ],
        [
            0.0,
            0.0
        ],
        [
            0.0,
            0.0
        ],
        [
            0.0,
            0.0
        ],
        [
            0.0,
            0.0
        ],
        [
            0.0,
            0.0
        ],
        [
            0.0,
            0.0
        ],
        [
            0.0,
            0.0
        ],
        [
            0.0,
            0.0
        ],
        [
            0.0,
            0.0
        ],
        [
            0.0,
            0.0
        ],
        [
            0.0,
            0.0
        ],
        [
            0.0,
            0.0
        ],
        [
            0.0,
            0.0
        ],
        [
            0.0,
            0.0
        ],
        [
            0.0,
            0.0
        ],
        [
            0.00352498450914851,
            0.0
        ],
        [
            0.00945474887630624,
            0.0
        ],
        [
            0.00945474887630624,
            0.0
        ],
        [
            0.00969021370015355,
            0.0
        ],
        [
            0.00969021370015355,
            0.0
        ],
        [
            0.00969021370015355,
            0.0
        ],
        [
            0.00969021370015355,
            0.0
        ],
        [
            0.015699301391396147,
            0.0
        ],
        [
            0.015699301391396147,
            0.0
        ],
        [
            0.015699301391396147,
            0.0
        ],
        [
            0.05120725027431874,
            0.0
        ],
        [
            0.06407616614587645,
            -0.00048189808555889615
        ],
        [
            0.05378190824475535,
            -0.0025495445943874984
        ],
        [
            0.04341834428164404,
            -0.006029594756387269
        ],
        [
            0.024611240193964434,
            -0.00858544410526747
        ],
        [
            0.024611240193964434,
            -0.00858544410526747
        ],
        [
            0.03727822113207857,
            -0.00858544410526747
        ],
        [
            0.0727059256099972,
            -0.009726599694067773
        ],
        [
            0.03335810622926845,
            -0.011293442429951029
        ],
        [
            0.033358106229268714,
            -0.011293442429951029
        ],
        [
            0.02500275719559255,
            -0.011293442429951029
        ],
        [
            0.009714114363699622,
            -0.011293442429951029
        ],
        [
            0.009714114363699622,
            -0.011549550936138075
        ],
        [
            0.009714114363699622,
            -0.011549550936138075
        ],
        [
            0.008985559469545734,
            -0.011549550936138075
        ]
    ]
}