{
    "mse": 0.0012862785122284876,
    "max_dev": 0.06647674435825482,
    "smoothness": 0.0009451046357443259,
    "num_episodes": 5,
    "mean_trajectory": [
        [
            0.0,
            0.0
        ],
        [
            0.0,
            0.0
        ],
        [
            0.0,
            0.0
        ],
        [
            0.0,
            0.0
        ],
        [
            0.0,
            0.0
        ],
        [
            0.0,
            0.0
        ],
        [
            0.0,
            0.0
        ],
        [
            0.0,
            0.0
        ],
        [
            0.0,
            0.0
        ],
        [
            0.0,
            0.0
        ],
        [
            0.0,
            0.0
        ],
        [
            0.0,
            0.0
        ],
        [
            0.0,
            0.0
        ],
        [
            0.0,
            0.0
        ],
        [
            -0.003409253687110869,
            0.0
        ],
        [
            -0.019595653305153827,
            0.0
        ],
        [
            -0.040973808041160444,
            0.0
        ],
        [
            -0.04880606170127564,
            0.0
        ],
        [
            -0.049675528852947085,
            0.0
        ],
        [
            -0.05604006168749152,
            0.0
        ],
        [
            -0.06645064875320798,
            0.0
        ],
        [
            -0.06645064875320798,
            -0.0018624770469841678
        ],
        [
            -0.06645064875320798,
            -0.0018624770469841678
        ],
        [
            -0.06645064875320657,
            -0.0018624770469841678
        ],
        [
            -0.06645064875320657,
            -0.0018624770469841678
        ]
    ]
}