{
    "mse": 1.1586719980579614,
    "max_dev": 1.8882797482752975,
    "smoothness": 9.28148232671585,
    "num_episodes": 5,
    "mean_trajectory": [
        [
            -0.0663905936596751,
            0.2673468377782643
        ],
        [
            -0.13743256951273342,
            -0.1401904934314766
        ],
        [
            0.8531727489010587,
            -0.12410431368305383
        ],
        [
            0.7902309006773288,
            0.31360791774429553
        ],
        [
            1.2697344578902066,
            0.31628964009022836
        ],
        [
            1.8808779995554168,
            0.1670280172157792
        ],
        [
            1.5190797105213008,
            -0.7841916248376425
        ],
        [
            1.3482947197560282,
            -0.8182008180901997
        ],
        [
            0.7219233010754289,
            -0.42201069318248335
        ],
        [
            1.6368100495334268,
            -0.2947365746718127
        ],
        [
            0.9121129304215494,
            -0.9471269646091056
        ],
        [
            0.655465637843214,
            -0.7818710074422908
        ],
        [
            0.7344421230444358,
            -1.1874689022292109
        ],
        [
            0.3130501775085364,
            -1.3690824894314795
        ],
        [
            0.0767626577247967,
            -0.5146879350462683
        ],
        [
            -0.2820067086470663,
            -0.22992472060744262
        ],
        [
            -0.7729967151590869,
            -0.7152951702040639
        ],
        [
            -0.48690316937525,
            -0.39939923996863624
        ],
        [
            -1.23339450383288,
            -0.03631495722429463
        ],
        [
            -1.2269237160505746,
            -0.502515851243345
        ],
        [
            -0.7534842452192969,
            -0.4676516618155347
        ],
        [
            -0.6609925996582391,
            0.017409552968240406
        ],
        [
            -0.17650695143275213,
            -0.07465688444807483
        ],
        [
            0.012242805791611033,
            -0.10324422600402841
        ],
        [
            -0.2827516045370345,
            0.02878902716869334
        ]
    ]
}