{
    "mse": 0.32633042905016957,
    "max_dev": 0.9441398741376488,
    "smoothness": 2.3273670255481362,
    "num_episodes": 5,
    "mean_trajectory": [
        [
            -0.03319529682983755,
            0.13367341888913215
        ],
        [
            -0.06871628475636671,
            -0.0700952467157383
        ],
        [
            0.4265863744505293,
            -0.062052156841526915
        ],
        [
            0.3951154503386644,
            0.15680395887214776
        ],
        [
            0.6348672289451033,
            0.15814482004511418
        ],
        [
            0.9404389997777084,
            0.0835140086078896
        ],
        [
            0.7595398552606504,
            -0.39209581241882124
        ],
        [
            0.6741473598780141,
            -0.40910040904509987
        ],
        [
            0.36096165053771445,
            -0.21100534659124168
        ],
        [
            0.8184050247667134,
            -0.14736828733590634
        ],
        [
            0.4560564652107747,
            -0.4735634823045528
        ],
        [
            0.327732818921607,
            -0.3909355037211454
        ],
        [
            0.3672210615222179,
            -0.5937344511146054
        ],
        [
            0.1565250887542682,
            -0.6845412447157397
        ],
        [
            0.015636606878573666,
            -0.26975178431185326
        ],
        [
            -0.18205136873973643,
            -0.13280709605061816
        ],
        [
            -0.4537887503535011,
            -0.3938172922890317
        ],
        [
            -0.31747042535929476,
            -0.24064470065540036
        ],
        [
            -0.697503356706758,
            -0.08613688934458423
        ],
        [
            -0.7081882031449013,
            -0.33514735608403046
        ],
        [
            -0.50157901787871,
            -0.3321870342405873
        ],
        [
            -0.4619412124749857,
            -0.10015365984324945
        ],
        [
            -0.2196983883622437,
            -0.15783661132879842
        ],
        [
            -0.1285706367097049,
            -0.17510910219201606
        ],
        [
            -0.2844528416126508,
            -0.11821909008618832
        ]
    ]
}