{
    "mse": 20.494893978129873,
    "max_dev": 18.57099124915682,
    "smoothness": 77.840417384609,
    "num_episodes": 5,
    "mean_trajectory": [
        [
            -1.1102230246251566e-17,
            0.0
        ],
        [
            0.05959395556048254,
            0.017908088401240647
        ],
        [
            0.020994787908883993,
            0.021498151262355658
        ],
        [
            0.01624764683252556,
            -0.03244628863864065
        ],
        [
            0.00180696483838009,
            0.034515052045811276
        ],
        [
            -0.03293719093029868,
            0.008067392378007637
        ],
        [
            0.002863806435522065,
            0.0020193897882954974
        ],
        [
            0.01142711011045435,
            0.024385155578222472
        ],
        [
            -0.010384127382619074,
            -0.014373747426586083
        ],
        [
            0.00163086708074498,
            0.029780073316374174
        ],
        [
            -0.01734970615447374,
            -0.0025335630588753377
        ],
        [
            -0.013655839885984362,
            0.0054286287832956415
        ],
        [
            0.003396473582092671,
            0.001489532614256528
        ],
        [
            0.015674632038919147,
            -0.0042521584812874645
        ],
        [
            0.0060973378283858005,
            0.0034498920241980147
        ],
        [
            0.04078322423368892,
            -0.02534838468075067
        ],
        [
            -0.009981018736019498,
            0.030359659820294406
        ],
        [
            -0.0398945522233722,
            -0.03259626223488932
        ],
        [
            -0.005212925867867424,
            -0.017367331379173713
        ],
        [
            0.01384891177850825,
            0.0035036005618113318
        ],
        [
            0.013183562164134233,
            0.011581380826381039
        ],
        [
            -0.02576355735629341,
            -0.01517077864494135
        ],
        [
            -0.0378257134249395,
            0.023426451024564386
        ],
        [
            -0.009752050643135812,
            -0.008924745802367021
        ],
        [
            -0.055653163101239356,
            0.027547646350830977
        ],
        [
            -0.05066446030345404,
            -0.01929768967963289
        ],
        [
            -0.007906032313712697,
            0.035651914100668904
        ],
        [
            -0.0018260382150357302,
            -0.010557251048652872
        ],
        [
            0.013320485806947186,
            -0.00016027470067931092
        ],
        [
            0.01866359435260907,
            0.0047471987342185525
        ],
        [
            -0.011884758409484063,
            0.005959194891053699
        ],
        [
            -0.7644776045638295,
            -3.9666365614227574
        ],
        [
            0.4861300744674361,
            -7.02101571621333
        ],
        [
            -0.83356845204205,
            -10.890438874272803
        ],
        [
            0.5019294266339461,
            -14.405080914933574
        ],
        [
            -1.1150463837666476,
            -18.537486009119686
        ]
    ]
}