{
    "mse": 20.5017160209982,
    "max_dev": 18.57176429744186,
    "smoothness": 77.66642197743678,
    "num_episodes": 5,
    "mean_trajectory": [
        [
            -2.2204460492503132e-17,
            0.0
        ],
        [
            0.11918791112096508,
            0.035816176802481295
        ],
        [
            0.041989575817767986,
            0.042996302524711316
        ],
        [
            0.03249529366505112,
            -0.0648925772772813
        ],
        [
            0.00361392967676018,
            0.06903010409162255
        ],
        [
            -0.06587438186059737,
            0.016134784756015274
        ],
        [
            0.00572761287104413,
            0.004038779576590995
        ],
        [
            0.0228542202209087,
            0.048770311156444944
        ],
        [
            -0.020768254765238147,
            -0.028747494853172167
        ],
        [
            0.00326173416148996,
            0.05956014663274835
        ],
        [
            -0.03469941230894748,
            -0.0050671261177506755
        ],
        [
            -0.027311679771968723,
            0.010857257566591283
        ],
        [
            0.006792947164185342,
            0.002979065228513056
        ],
        [
            0.03134926407783829,
            -0.008504316962574929
        ],
        [
            0.012194675656771601,
            0.006899784048396029
        ],
        [
            0.08156644846737784,
            -0.05069676936150134
        ],
        [
            -0.019962037472038997,
            0.06071931964058881
        ],
        [
            -0.0797891044467444,
            -0.06519252446977863
        ],
        [
            -0.010425851735734848,
            -0.034734662758347426
        ],
        [
            0.0276978235570165,
            0.0070072011236226635
        ],
        [
            0.026367124328268467,
            0.023162761652762077
        ],
        [
            -0.05152711471258682,
            -0.0303415572898827
        ],
        [
            -0.075651426849879,
            0.04685290204912877
        ],
        [
            -0.019504101286271624,
            -0.017849491604734043
        ],
        [
            -0.11130632620247871,
            0.055095292701661955
        ],
        [
            -0.10132892060690808,
            -0.03859537935926578
        ],
        [
            -0.015812064627425394,
            0.07130382820133781
        ],
        [
            -0.0036520764300714604,
            -0.021114502097305744
        ],
        [
            0.026640971613894372,
            -0.00032054940135862184
        ],
        [
            0.03732718870521814,
            0.009494397468437105
        ],
        [
            -0.023769516818967773,
            0.011918389782104554
        ],
        [
            -0.7589552282011454,
            -3.98327312284552
        ],
        [
            0.4422601298613859,
            -7.032031585014562
        ],
        [
            -0.8101368869179627,
            -10.895877595957705
        ],
        [
            0.48085887043402875,
            -14.399161234774386
        ],
        [
            -1.1443927658166815,
            -18.53647200298057
        ]
    ]
}