{
    "mse": 1221.9645893814402,
    "max_dev": 58.93594480286421,
    "smoothness": 4770.410224062592,
    "num_episodes": 5,
    "mean_trajectory": [
        [
            0.0,
            0.0
        ],
        [
            0.7800000190734862,
            -42.93999938964845
        ],
        [
            -0.6999999999999993,
            -43.86000061035156
        ],
        [
            -1.371999998092651,
            -49.81400115966795
        ],
        [
            -1.4800000381469731,
            -50.54600067138671
        ],
        [
            0.11280000019073455,
            -52.301401336669926
        ],
        [
            2.3120000343322786,
            -52.37460128784181
        ],
        [
            4.151280152606958,
            -52.69014074401855
        ],
        [
            6.171200156021115,
            -53.34746073913573
        ],
        [
            7.085127710084905,
            -54.11901407440183
        ],
        [
            9.107120168190008,
            -55.664744853210436
        ],
        [
            9.24851292359638,
            -56.871898966033996
        ],
        [
            8.590712321994783,
            -58.306476926727306
        ],
        [
            0.9248512923596381,
            -5.6871898966034
        ],
        [
            0.8590712321994782,
            -5.830647692672731
        ],
        [
            0.09248512923596375,
            -0.56871898966034
        ],
        [
            0.08590712321994783,
            -0.583064769267273
        ],
        [
            0.009248512923596366,
            -0.05687189896603395
        ],
        [
            0.008590712321994782,
            -0.0583064769267273
        ],
        [
            0.0009248512923596365,
            -0.005687189896603391
        ],
        [
            0.0008590712321994782,
            -0.00583064769267273
        ],
        [
            9.248512923596363e-05,
            -0.0005687189896603382
        ],
        [
            8.590712321994781e-05,
            -0.000583064769267273
        ],
        [
            9.248512923596354e-06,
            -5.687189896603389e-05
        ],
        [
            8.59071232199478e-06,
            -5.8306476926727305e-05
        ],
        [
            9.248512923596351e-07,
            -5.6871898966033874e-06
        ],
        [
            8.590712321994781e-07,
            -5.830647692672731e-06
        ]
    ]
}