{
    "mse": 1221.8851365112585,
    "max_dev": 58.97182393722102,
    "smoothness": 4765.793045873708,
    "num_episodes": 5,
    "mean_trajectory": [
        [
            0.0,
            0.0
        ],
        [
            0.8718242698169607,
            -42.88448525270299
        ],
        [
            -0.6210662480244767,
            -43.77497029875239
        ],
        [
            -1.3945005757476647,
            -49.83486388527825
        ],
        [
            -1.457425494619331,
            -50.515698237993675
        ],
        [
            0.0987689152906718,
            -52.325261700157775
        ],
        [
            2.353235213357614,
            -52.34045395079805
        ],
        [
            4.107391164088691,
            -52.69395219496772
        ],
        [
            6.127470323311888,
            -53.333463286256446
        ],
        [
            7.09134296715448,
            -54.11524083325777
        ],
        [
            9.092889954747022,
            -55.680013328380184
        ],
        [
            9.236584703783624,
            -56.94986399864943
        ],
        [
            8.594793563791235,
            -58.34214207653338
        ],
        [
            0.9144994517028057,
            -5.729215930048193
        ],
        [
            0.8069257368623421,
            -5.781508214695743
        ],
        [
            0.11091319700894627,
            -0.6066043251835335
        ],
        [
            0.14373767526042996,
            -0.5563005158456166
        ],
        [
            -0.018715707656075727,
            -0.1278464377542834
        ],
        [
            0.015191050570088228,
            -0.013759085243003965
        ],
        [
            0.1084373816587915,
            0.07494543499354263
        ],
        [
            -0.013871237975941319,
            0.04355854227738583
        ],
        [
            -0.02183689705373455,
            -0.03056804847012966
        ],
        [
            -0.055523496726920384,
            0.09322409313940581
        ],
        [
            -0.048997295570962225,
            -0.04520421965361042
        ],
        [
            -0.0012420822092195304,
            -0.01836688423776238
        ],
        [
            -0.060576685990918054,
            -0.0008659873340460727
        ],
        [
            -0.038241000876437045,
            0.02845744415768061
        ]
    ]
}