{
    "mse": 1221.923859030738,
    "max_dev": 58.95388436718622,
    "smoothness": 4768.0502437330515,
    "num_episodes": 5,
    "mean_trajectory": [
        [
            0.0,
            2.2737367544323207e-14
        ],
        [
            0.8259121444452238,
            -42.91224232117569
        ],
        [
            -0.6605331240122378,
            -43.81748545455197
        ],
        [
            -1.3832502869201573,
            -49.8244325224731
        ],
        [
            -1.4687127663831518,
            -50.53084945469018
        ],
        [
            0.10578445774070175,
            -52.31333151841382
        ],
        [
            2.3326176238449436,
            -52.35752761931991
        ],
        [
            4.129335658347825,
            -52.69204646949312
        ],
        [
            6.149335239666499,
            -53.34046201269609
        ],
        [
            7.088235338619694,
            -54.11712745382979
        ],
        [
            9.100005061468512,
            -55.67237909079531
        ],
        [
            9.242548813689998,
            -56.910881482341665
        ],
        [
            8.592752942893007,
            -58.32430950163034
        ],
        [
            0.9196753720312216,
            -5.708202913325794
        ],
        [
            0.8329984845309102,
            -5.806077953684236
        ],
        [
            0.10169916312245504,
            -0.5876616574219365
        ],
        [
            0.11482239924018889,
            -0.5696826425564447
        ],
        [
            -0.0047335973662396575,
            -0.09235916836015867
        ],
        [
            0.011890881446041493,
            -0.036032781084865614
        ],
        [
            0.054681116475575574,
            0.03462912254846962
        ],
        [
            -0.006506083371870902,
            0.01886394729235653
        ],
        [
            -0.010872205962249262,
            -0.01556838372989503
        ],
        [
            -0.02771879480185021,
            0.04632051418506927
        ],
        [
            -0.02449402352901932,
            -0.02263054577628826
        ],
        [
            -0.0006167457484487215,
            -0.009212595357344552
        ],
        [
            -0.030287880569812863,
            -0.00043583726197133634
        ],
        [
            -0.019120070902602426,
            0.014225806754993959
        ]
    ]
}