{
    "mse": 1143.705634180767,
    "max_dev": 55.29590998888819,
    "smoothness": 3216.742200194503,
    "num_episodes": 5,
    "mean_trajectory": [
        [
            0.0,
            0.0
        ],
        [
            -0.5,
            -23.58000030517576
        ],
        [
            1.4600000381469727,
            -25.910000610351517
        ],
        [
            0.03999999761581208,
            -31.687998809814474
        ],
        [
            2.706000041961669,
            -34.01100128173829
        ],
        [
            1.1140000379085535,
            -36.89879866027832
        ],
        [
            3.6906000804901105,
            -37.961100738525374
        ],
        [
            3.0513999656438813,
            -39.16987864532467
        ],
        [
            4.509060160636903,
            -40.326108853149435
        ],
        [
            2.335139920270443,
            -42.91698786453247
        ],
        [
            3.040905977916718,
            -45.242611495666495
        ],
        [
            0.903513972953558,
            -46.401699396804815
        ],
        [
            2.644090559644699,
            -48.83426175991815
        ],
        [
            -0.14964861224138826,
            -48.780169329328885
        ],
        [
            0.7344090368909839,
            -51.22342556564024
        ],
        [
            -1.774964899371112,
            -50.73801754328446
        ],
        [
            -0.2865590867741581,
            -52.462341946212405
        ],
        [
            -3.0474965662310556,
            -52.74380297503154
        ],
        [
            -1.8686558705304392,
            -54.04623419462126
        ],
        [
            -3.4547496566231075,
            -54.72438029750316
        ],
        [
            -2.8068656633469895,
            -55.22462464016526
        ],
        [
            -0.34547496566231084,
            -5.472438029750315
        ],
        [
            -0.28068656633469896,
            -5.5224624640165265
        ],
        [
            -0.0345474965662311,
            -0.5472438029750313
        ],
        [
            -0.028068656633469902,
            -0.5522462464016527
        ],
        [
            -0.00345474965662311,
            -0.054724380297503095
        ],
        [
            -0.00280686566334699,
            -0.05522462464016527
        ],
        [
            -0.00034547496566231066,
            -0.0054724380297503095
        ],
        [
            -0.000280686566334699,
            -0.005522462464016526
        ],
        [
            -3.4547496566231066e-05,
            -0.0005472438029750313
        ],
        [
            -2.80686566334699e-05,
            -0.0005522462464016527
        ],
        [
            -3.4547496566231086e-06,
            -5.472438029750304e-05
        ],
        [
            -2.8068656633469903e-06,
            -5.5224624640165274e-05
        ],
        [
            -3.454749656623108e-07,
            -5.4724380297503e-06
        ],
        [
            -2.80686566334699e-07,
            -5.522462464016527e-06
        ]
    ]
}