{
    "mse": 1143.413247546317,
    "max_dev": 55.298567752207845,
    "smoothness": 3212.5137352832585,
    "num_episodes": 5,
    "mean_trajectory": [
        [
            1.7763568394002506e-16,
            5.684341886080802e-15
        ],
        [
            -0.4819847643370032,
            -23.55694107770281
        ],
        [
            1.4837909409304344,
            -25.882890042619046
        ],
        [
            0.08175093957376803,
            -31.690881030492687
        ],
        [
            2.6894210848689277,
            -33.988519160562284
        ],
        [
            1.130359615312281,
            -36.88643919917357
        ],
        [
            3.6622083804300223,
            -37.92643818819371
        ],
        [
            3.0762585840429226,
            -39.196838114788115
        ],
        [
            4.507790152500819,
            -40.29498021237778
        ],
        [
            2.3781630428313862,
            -42.926182610398676
        ],
        [
            3.0117597903981195,
            -45.24055193057937
        ],
        [
            0.8459684154674776,
            -46.35291480623247
        ],
        [
            2.6547870055200073,
            -48.83347683241224
        ],
        [
            -0.14629430646457742,
            -48.7711203824285
        ],
        [
            0.7276413741157277,
            -51.25697494272674
        ],
        [
            -1.734951938964604,
            -50.71005639517286
        ],
        [
            -0.26535766943855066,
            -52.46540085289058
        ],
        [
            -3.0691067353959745,
            -52.76791580007672
        ],
        [
            -1.8990274405414127,
            -54.03454096072884
        ],
        [
            -3.4456764520467305,
            -54.72121051341526
        ],
        [
            -2.8078518999055344,
            -55.227235700818106
        ],
        [
            -0.3419029194846034,
            -5.5048981066484135
        ],
        [
            -0.30873163756523236,
            -5.518451633122154
        ],
        [
            -0.04037269804642547,
            -0.5590419973537535
        ],
        [
            -0.05380507501984351,
            -0.5363651144731633
        ],
        [
            -0.04430747127258755,
            -0.017842988827015394
        ],
        [
            -0.027916196135393274,
            -0.07504859877609807
        ],
        [
            -0.005179855553640983,
            -0.024372176099095977
        ],
        [
            -0.050740874327354454,
            0.0015176313237272852
        ],
        [
            -0.008806438932647275,
            0.03270874568042472
        ],
        [
            0.006989027999029301,
            0.03153375895386297
        ],
        [
            -0.004320670045340469,
            -0.029585742512984424
        ],
        [
            0.009501456303975883,
            -0.015478348042022926
        ],
        [
            -0.009548263251605526,
            -0.023094699810745512
        ],
        [
            -0.008538708587527793,
            -0.005977309734401438
        ]
    ]
}