{
    "mse": 1143.1230632682946,
    "max_dev": 55.30122552866636,
    "smoothness": 3208.4338788835225,
    "num_episodes": 5,
    "mean_trajectory": [
        [
            0.0,
            0.0
        ],
        [
            -0.4639695286740061,
            -23.533881850229854
        ],
        [
            1.5075818437138957,
            -25.85577947488655
        ],
        [
            0.12350188153172255,
            -31.693763251170914
        ],
        [
            2.672842127776185,
            -33.96603703938632
        ],
        [
            1.1467191927160072,
            -36.8740797380688
        ],
        [
            3.633816680369935,
            -37.89177563786204
        ],
        [
            3.1011172024419635,
            -39.223797584251564
        ],
        [
            4.506520144364737,
            -40.26385157160617
        ],
        [
            2.4211861653923306,
            -42.93537735626493
        ],
        [
            2.9826136028795216,
            -45.23849236549224
        ],
        [
            0.7884228579813979,
            -46.30413021566013
        ],
        [
            2.6654834513953167,
            -48.83269190490624
        ],
        [
            -0.14294000068776694,
            -48.76207143552813
        ],
        [
            0.7208737113404723,
            -51.29052431981323
        ],
        [
            -1.6949389785580973,
            -50.68209524706127
        ],
        [
            -0.24415625210294323,
            -52.46845975956874
        ],
        [
            -3.0907169045608924,
            -52.792028625121915
        ],
        [
            -1.9293990105523846,
            -54.022847726836424
        ],
        [
            -3.436603247470355,
            -54.71804072932737
        ],
        [
            -2.8088381364640793,
            -55.22984676147096
        ],
        [
            -0.33833087330689626,
            -5.537358183546509
        ],
        [
            -0.33677670879576566,
            -5.514440802227781
        ],
        [
            -0.046197899526619846,
            -0.5708401917324751
        ],
        [
            -0.07954149340621716,
            -0.5204839825446741
        ],
        [
            -0.085160192888552,
            0.019038402643472407
        ],
        [
            -0.053025526607439574,
            -0.0948725729120308
        ],
        [
            -0.010014236141619576,
            -0.0432719141684416
        ],
        [
            -0.10120106208837425,
            0.008557725111471104
        ],
        [
            -0.017578330368728266,
            0.06596473516382448
        ],
        [
            0.014006124654692042,
            0.06361976415412754
        ],
        [
            -0.008637885341024342,
            -0.059116760645671285
        ],
        [
            0.019005719473615113,
            -0.03090147145940566
        ],
        [
            -0.01909618102824539,
            -0.04618392718346125
        ],
        [
            -0.01707713648848923,
            -0.011949097006338871
        ]
    ]
}