{
    "mse": 1.07452537370438,
    "max_dev": 1.63783504924899,
    "smoothness": 1.6822771425721825,
    "num_episodes": 5,
    "mean_trajectory": [
        [
            -0.23986530845075954,
            0.0059480324635666545
        ],
        [
            -0.35878479137558017,
            -0.1066612838035896
        ],
        [
            -0.22381394795977916,
            -0.044565970057931746
        ],
        [
            -0.3506288686053525,
            0.1764975410007298
        ],
        [
            -0.23596235969877735,
            0.7719027914311637
        ],
        [
            -0.36672348242973846,
            0.9199153475959022
        ],
        [
            -0.04391859688426421,
            0.8298036249624235
        ],
        [
            0.22035527266795304,
            0.9617240272461764
        ],
        [
            0.28760597262505133,
            1.1104881742662815
        ],
        [
            0.3600797253944835,
            1.1197977069186762
        ],
        [
            0.16488444364722324,
            0.9495737556662054
        ],
        [
            0.12357160982004256,
            0.703627992237658
        ],
        [
            0.08722950290461169,
            0.6948073563017174
        ],
        [
            -0.0918913239746229,
            0.8273418102814715
        ],
        [
            0.06293797925570907,
            0.8625847926084702
        ],
        [
            0.14088662426285134,
            0.6770929908957071
        ],
        [
            -0.1343943150637373,
            0.843849523529449
        ],
        [
            -0.6575016527581474,
            1.0096071151651893
        ],
        [
            -0.445170908772701,
            1.1863858233689384
        ],
        [
            -0.5277336349141131,
            1.2930272287286257
        ],
        [
            -0.5224685589815946,
            1.2662777594922157
        ],
        [
            -0.5472362461769432,
            1.5437085668670136
        ],
        [
            -0.5282500184524256,
            1.2959783316912337
        ],
        [
            -0.5972573878399032,
            1.2498330613696935
        ],
        [
            -0.7338718536429084,
            1.1668760424869333
        ],
        [
            -0.6523825742104705,
            1.0905270219177623
        ]
    ]
}