{
    "mse": 4.298101494817515,
    "max_dev": 3.275670098497976,
    "smoothness": 6.72910857028873,
    "num_episodes": 5,
    "mean_trajectory": [
        [
            -0.4797306169015191,
            0.011896064927133309
        ],
        [
            -0.7175695827511603,
            -0.2133225676071792
        ],
        [
            -0.4476278959195583,
            -0.08913194011586349
        ],
        [
            -0.701257737210705,
            0.3529950820014596
        ],
        [
            -0.4719247193975547,
            1.5438055828623274
        ],
        [
            -0.7334469648594769,
            1.8398306951918044
        ],
        [
            -0.08783719376852842,
            1.659607249924847
        ],
        [
            0.4407105453359061,
            1.923448054492353
        ],
        [
            0.5752119452501027,
            2.220976348532563
        ],
        [
            0.720159450788967,
            2.2395954138373524
        ],
        [
            0.3297688872944465,
            1.8991475113324108
        ],
        [
            0.24714321964008512,
            1.407255984475316
        ],
        [
            0.17445900580922338,
            1.3896147126034348
        ],
        [
            -0.1837826479492458,
            1.654683620562943
        ],
        [
            0.12587595851141814,
            1.7251695852169404
        ],
        [
            0.2817732485257027,
            1.3541859817914141
        ],
        [
            -0.2687886301274746,
            1.687699047058898
        ],
        [
            -1.3150033055162949,
            2.0192142303303786
        ],
        [
            -0.890341817545402,
            2.3727716467378768
        ],
        [
            -1.0554672698282261,
            2.5860544574572515
        ],
        [
            -1.0449371179631892,
            2.5325555189844313
        ],
        [
            -1.0944724923538873,
            3.087417133734023
        ],
        [
            -1.0565000369048516,
            2.591956663382464
        ],
        [
            -1.1945147756798051,
            2.4996661227393786
        ],
        [
            -1.4677437072858226,
            2.333752084973861
        ],
        [
            -1.304765148420944,
            2.1810540438355135
        ]
    ]
}