{
    "mse": 2.400151051851442,
    "max_dev": 2.8673547891147364,
    "smoothness": 3.3043299162584634,
    "num_episodes": 5,
    "mean_trajectory": [
        [
            0.06462870969933192,
            0.012920457051620815
        ],
        [
            0.12076629031319915,
            -0.213106268781587
        ],
        [
            0.13975411688648692,
            -0.07452850528291037
        ],
        [
            0.5520926916814893,
            -0.45920303374147126
        ],
        [
            0.43269790200607633,
            -0.347699744501881
        ],
        [
            0.7394863210578372,
            -0.4666415944755499
        ],
        [
            0.8766629419583026,
            -0.15834191363253466
        ],
        [
            0.5735935069618876,
            0.281247164499473
        ],
        [
            0.6133118146726304,
            -0.03630972753941251
        ],
        [
            0.5162968141579739,
            -0.33943458492564105
        ],
        [
            0.15994301471112352,
            -0.42279859195116387
        ],
        [
            0.2673860237280138,
            -0.8484205261511306
        ],
        [
            0.28285513915717697,
            -1.2676503412708633
        ],
        [
            0.6476390214748836,
            -1.0704658490042225
        ],
        [
            0.4317148452721849,
            -1.1996798435214147
        ],
        [
            0.1614431661215708,
            -1.438453592126901
        ],
        [
            -0.017519653482881557,
            -1.6018849211507917
        ],
        [
            0.3450132911146418,
            -1.921242378269366
        ],
        [
            0.6685868784929397,
            -1.9130741366213635
        ],
        [
            0.588330027276568,
            -1.758166131864146
        ],
        [
            0.8158675412307804,
            -1.5953930608076532
        ],
        [
            1.069737829826272,
            -1.7908751648104666
        ],
        [
            0.4826143257415338,
            -1.8970562891253522
        ],
        [
            0.8074520609738768,
            -2.2740502890832897
        ],
        [
            0.9246927577253187,
            -2.331505720378305
        ],
        [
            0.9882333559146351,
            -2.5630118868426632
        ],
        [
            0.9583371984788738,
            -2.7024643014609606
        ]
    ]
}