{
    "mse": 0.00023641407537840112,
    "max_dev": 0.04350881725334726,
    "smoothness": 0.0016754765620995708,
    "num_episodes": 5,
    "mean_trajectory": [
        [
            0.0,
            0.0
        ],
        [
            -0.0021390794147510663,
            -0.0016996835702570933
        ],
        [
            -0.02590182383331765,
            -0.0016996835702570933
        ],
        [
            -0.04344736879831679,
            -0.0023115629535482183
        ],
        [
            -0.041078455687738734,
            -0.002512718029015559
        ],
        [
            -0.013396939254699447,
            -0.002512718029015559
        ],
        [
            -0.012306283536715057,
            -0.004402218006418934
        ],
        [
            -0.012306283536715057,
            -0.004402218006418934
        ],
        [
            -0.008011506995953255,
            -0.004402218006418934
        ],
        [
            -0.008011506995953255,
            -0.004402218006418934
        ],
        [
            -0.008011506995953255,
            -0.004402218006430303
        ],
        [
            -0.008011506995953255,
            -0.004402218006430303
        ],
        [
            -0.008011506995953255,
            -0.004402218006430303
        ],
        [
            -0.008011506995953255,
            -0.004402218006430303
        ],
        [
            -0.008011506995953255,
            -0.004402218006430303
        ],
        [
            -0.008011506995953255,
            -0.004402218006430303
        ],
        [
            -0.008011506995953255,
            -0.004402218006430303
        ],
        [
            -0.008011506995953255,
            -0.004402218006430303
        ],
        [
            -0.008011506995953255,
            -0.004402218006430303
        ],
        [
            -0.008011506995953255,
            -0.004402218006430303
        ],
        [
            -0.008011506995953255,
            -0.004402218006430303
        ],
        [
            -0.008011506995953255,
            -0.004402218006430303
        ],
        [
            -0.008011506995953255,
            -0.004402218006430303
        ],
        [
            -0.008011506995953255,
            -0.004402218006430303
        ],
        [
            -0.008011506995953255,
            -0.004402218006430303
        ],
        [
            -0.008011506995953255,
            -0.004402218006430303
        ],
        [
            -0.008011506995953255,
            -0.004402218006430303
        ]
    ]
}