{
    "mse": 8.397520104095472,
    "max_dev": 5.463341740455419,
    "smoothness": 13.368172828247275,
    "num_episodes": 5,
    "mean_trajectory": [
        [
            0.09853877290938637,
            0.03755462602425723
        ],
        [
            0.21081393413712046,
            -0.4380166635751038
        ],
        [
            0.2668692454662402,
            -0.1381553380688274
        ],
        [
            1.1364753702074206,
            -0.8770574058811917
        ],
        [
            0.8880903109309252,
            -0.614984462525365
        ],
        [
            1.4719637337647697,
            -0.85286816247268
        ],
        [
            1.6666525800743557,
            -0.21758380401051908
        ],
        [
            1.0228002858882306,
            0.699942210883296
        ],
        [
            1.0574677413887528,
            0.08874569843973176
        ],
        [
            0.8436416312915668,
            -0.5075128136157673
        ],
        [
            0.08748127796137908,
            -0.655700601448143
        ],
        [
            0.268800742269633,
            -1.4999142039709568
        ],
        [
            0.29973897312795933,
            -2.338373834210422
        ],
        [
            1.0293067377633727,
            -1.9440048496771403
        ],
        [
            0.5974583853579754,
            -2.202432838711525
        ],
        [
            0.056915027056747114,
            -2.679980335922498
        ],
        [
            -0.3010106121521575,
            -3.0068429939702788
        ],
        [
            0.42405527704288914,
            -3.645557908207427
        ],
        [
            1.071202451799485,
            -3.6292214249114223
        ],
        [
            0.9106887493667415,
            -3.319405415396987
        ],
        [
            1.3657637772751663,
            -2.993859273284002
        ],
        [
            1.87350435446615,
            -3.3848234812896294
        ],
        [
            0.6992573462966731,
            -3.5971857299194006
        ],
        [
            1.348932816761359,
            -4.351173729835276
        ],
        [
            1.5834142102642428,
            -4.466084592425306
        ],
        [
            1.7104954066428752,
            -4.929096925354022
        ],
        [
            1.6507030917713528,
            -5.208001754590617
        ]
    ]
}