{
    "mse": 456.6945203980093,
    "max_dev": 44.57926077503512,
    "smoothness": 147.32929117979137,
    "num_episodes": 5,
    "mean_trajectory": [
        [
            1.1102230246251566e-17,
            -1.6653345369377347e-17
        ],
        [
            -0.012561713596120202,
            0.020202509462555203
        ],
        [
            0.02535457010898947,
            -0.003965052080878301
        ],
        [
            0.005383893009162198,
            -0.00023296690274399734
        ],
        [
            0.02376862891004875,
            0.014206384276385885
        ],
        [
            -0.014501672859206125,
            0.01256499568933897
        ],
        [
            0.021676649477263953,
            0.0137277714803548
        ],
        [
            0.025963327272578635,
            -0.009302706407686306
        ],
        [
            -0.0198488020401855,
            0.03160188396666779
        ],
        [
            -0.015206852594709322,
            -0.0013429410527617009
        ],
        [
            -0.024809900246369754,
            0.021513217981317872
        ],
        [
            -0.012962514144464199,
            -0.030427233277977937
        ],
        [
            -0.025819178544020077,
            -0.03047683984023346
        ],
        [
            -0.007849649096831038,
            -0.015086513757266804
        ],
        [
            -0.01571238108884433,
            -0.009421160382909289
        ],
        [
            0.02905297079509627,
            0.04789077642430732
        ],
        [
            0.0020742808724528105,
            -0.02753337786830578
        ],
        [
            0.018226796133918165,
            -0.010592731104850293
        ],
        [
            -0.013765982333432448,
            -0.004002174324935481
        ],
        [
            -1.0021772470440449,
            -4.328291466032549
        ],
        [
            -1.1625801541760221,
            -6.633987692306974
        ],
        [
            -1.0947516143572222,
            -10.350177689648623
        ],
        [
            -1.2669437543596203,
            -12.485311403799585
        ],
        [
            -3.432409507110627,
            -15.199366697799622
        ],
        [
            -4.516176041807062,
            -17.821480950872406
        ],
        [
            -5.005636736761787,
            -20.47723321948673
        ],
        [
            -6.2626460999994205,
            -22.914456208513503
        ],
        [
            -6.693096368713716,
            -25.536970883554886
        ],
        [
            -8.353213750228694,
            -27.108190574388196
        ],
        [
            -9.165638213704332,
            -28.94883992651554
        ],
        [
            -9.071174966380417,
            -30.853296697351745
        ],
        [
            -8.337806625903962,
            -32.477091313461166
        ],
        [
            -5.441955466996529,
            -33.08845299642502
        ],
        [
            -2.626532825371917,
            -34.092822654090256
        ],
        [
            -1.3512583695982272,
            -35.00891041862533
        ],
        [
            0.482560579873184,
            -36.34571011092002
        ],
        [
            -0.38842206929927664,
            -38.248851518020594
        ],
        [
            -0.03802867253094746,
            -40.62449467363465
        ],
        [
            1.575867611906137,
            -42.65722868148604
        ],
        [
            1.8418579669450281,
            -44.54119498260218
        ]
    ]
}