{
    "mse": 456.50438649904845,
    "max_dev": 44.54548753238735,
    "smoothness": 146.59455459268358,
    "num_episodes": 5,
    "mean_trajectory": [
        [
            0.0,
            0.0
        ],
        [
            0.0,
            0.0
        ],
        [
            0.0,
            0.0
        ],
        [
            0.0,
            0.0
        ],
        [
            0.0,
            0.0
        ],
        [
            0.0,
            0.0
        ],
        [
            0.0,
            0.0
        ],
        [
            0.0,
            0.0
        ],
        [
            0.0,
            0.0
        ],
        [
            0.0,
            0.0
        ],
        [
            0.0,
            0.0
        ],
        [
            0.0,
            0.0
        ],
        [
            0.0,
            0.0
        ],
        [
            0.0,
            0.0
        ],
        [
            0.0,
            0.0
        ],
        [
            0.0,
            0.0
        ],
        [
            0.0,
            0.0
        ],
        [
            0.0,
            0.0
        ],
        [
            0.0,
            0.0
        ],
        [
            -1.0199999809265137,
            -4.340000152587891
        ],
        [
            -1.160000038146972,
            -6.680000305175767
        ],
        [
            -1.091999959945678,
            -10.334000015258795
        ],
        [
            -1.2660000038146961,
            -12.54800033569336
        ],
        [
            -3.429200072288509,
            -15.183400001525854
        ],
        [
            -4.486599847793578,
            -17.854800033569347
        ],
        [
            -5.0029198546409575,
            -20.478340610504148
        ],
        [
            -6.248659984779351,
            -22.91548030853272
        ],
        [
            -6.72029206175803,
            -25.50783467140198
        ],
        [
            -8.334865845890036,
            -27.131547420501704
        ],
        [
            -9.182029053587911,
            -28.940782856788644
        ],
        [
            -9.083486584588996,
            -30.853154131698602
        ],
        [
            -8.278202752770902,
            -32.494078285678825
        ],
        [
            -5.408348658458898,
            -33.06531419246676
        ],
        [
            -2.637820313424063,
            -34.07940660786477
        ],
        [
            -1.3008348563091472,
            -34.9965308088951
        ],
        [
            0.48621796865759404,
            -36.337939440083346
        ],
        [
            -0.38008348563091476,
            -38.26965430159265
        ],
        [
            -0.021378201942148678,
            -40.583793944008335
        ],
        [
            1.5919915751429627,
            -42.646966650862396
        ],
        [
            1.8178622560997297,
            -44.50837939440083
        ]
    ]
}