{
    "mse": 456.88663442357483,
    "max_dev": 44.61304549470963,
    "smoothness": 148.23762161018874,
    "num_episodes": 5,
    "mean_trajectory": [
        [
            2.2204460492503132e-17,
            -3.3306690738754695e-17
        ],
        [
            -0.025123427192240404,
            0.040405018925110406
        ],
        [
            0.05070914021797894,
            -0.007930104161756601
        ],
        [
            0.010767786018324395,
            -0.0004659338054879947
        ],
        [
            0.0475372578200975,
            0.02841276855277177
        ],
        [
            -0.02900334571841225,
            0.02512999137867794
        ],
        [
            0.04335329895452791,
            0.0274555429607096
        ],
        [
            0.05192665454515727,
            -0.01860541281537261
        ],
        [
            -0.039697604080371,
            0.06320376793333558
        ],
        [
            -0.030413705189418643,
            -0.0026858821055234018
        ],
        [
            -0.04961980049273951,
            0.043026435962635744
        ],
        [
            -0.025925028288928398,
            -0.060854466555955875
        ],
        [
            -0.051638357088040154,
            -0.06095367968046692
        ],
        [
            -0.015699298193662076,
            -0.030173027514533608
        ],
        [
            -0.03142476217768866,
            -0.018842320765818578
        ],
        [
            0.05810594159019254,
            0.09578155284861464
        ],
        [
            0.004148561744905621,
            -0.05506675573661156
        ],
        [
            0.03645359226783633,
            -0.021185462209700585
        ],
        [
            -0.027531964666865603,
            -0.008004348649872383
        ],
        [
            -0.9843545131615763,
            -4.31658277947721
        ],
        [
            -1.1651602702050716,
            -6.587975079438161
        ],
        [
            -1.0975032687687651,
            -10.36635536403846
        ],
        [
            -1.2678875049045444,
            -12.422622471905816
        ],
        [
            -3.435618941932735,
            -15.21533339407336
        ],
        [
            -4.545752235820541,
            -17.78816186817548
        ],
        [
            -5.008353618882611,
            -20.476125828469304
        ],
        [
            -6.276632215219488,
            -22.913432108494277
        ],
        [
            -6.665900675669397,
            -25.566107095707828
        ],
        [
            -8.371561654567339,
            -27.084833728274692
        ],
        [
            -9.14924737382076,
            -28.956896996242484
        ],
        [
            -9.058863348171837,
            -30.85343926300491
        ],
        [
            -8.39741049903702,
            -32.46010434124349
        ],
        [
            -5.475562275534159,
            -33.11159180038332
        ],
        [
            -2.615245337319771,
            -34.106238700315785
        ],
        [
            -1.4016818828873077,
            -35.02129002835555
        ],
        [
            0.47890319108877427,
            -36.353480781756716
        ],
        [
            -0.3967606529676386,
            -38.22804873444854
        ],
        [
            -0.054679143119745886,
            -40.66519540326101
        ],
        [
            1.55974364866931,
            -42.667490712109725
        ],
        [
            1.8658536777903252,
            -44.574010570803566
        ]
    ]
}