{
    "mse": 1.9461897249549591,
    "max_dev": 3.00862989766952,
    "smoothness": 11.02770903476366,
    "num_episodes": 5,
    "mean_trajectory": [
        [
            -0.19533271867873375,
            0.1537474984356436
        ],
        [
            -0.26949962316748677,
            -0.2555048632618423
        ],
        [
            0.3312669057756047,
            0.04331841579262345
        ],
        [
            0.5076162016297235,
            0.054440400040664375
        ],
        [
            0.1410869834783542,
            0.030183187037937386
        ],
        [
            0.14058732022228995,
            0.025696000231118888
        ],
        [
            0.10235734920774461,
            -0.08607745187383671
        ],
        [
            -0.33684798263796695,
            0.016815139404468483
        ],
        [
            -0.31967834217392266,
            -0.8467158585482366
        ],
        [
            0.1427148712550121,
            -0.9226886644887031
        ],
        [
            -0.552150314548291,
            -0.7494217665197652
        ],
        [
            -0.7481140328146865,
            -0.663484407015494
        ],
        [
            -1.3261291844249368,
            -0.7674027052369565
        ],
        [
            -0.6585308170116938,
            -0.25506572905989255
        ],
        [
            -1.4724564033906284,
            -0.709484600672668
        ],
        [
            -1.5048872782289449,
            0.5138626859614407
        ],
        [
            -1.1440744658389872,
            0.22320137697483222
        ],
        [
            -0.9755037196856493,
            0.9058772442190761
        ],
        [
            -1.1757891192812904,
            0.2155874159386011
        ],
        [
            -1.026145283911995,
            0.15120092764795956
        ],
        [
            -1.401038728002881,
            -0.2349999974095736
        ],
        [
            -2.013634063794014,
            -0.42309714604405146
        ],
        [
            -2.1860379649136554,
            0.389219926872247
        ],
        [
            -2.4395773943967143,
            0.16168933147760764
        ],
        [
            -2.9559608352818914,
            0.5604903223343729
        ],
        [
            -1.8837376339507845,
            -0.23097587488770444
        ],
        [
            -2.1785394956489657,
            -0.057631351026921254
        ]
    ]
}