{
    "mse": 0.48654743123874183,
    "max_dev": 1.5043149488347487,
    "smoothness": 2.7569272586909257,
    "num_episodes": 5,
    "mean_trajectory": [
        [
            -0.09766635933936688,
            0.07687374921781612
        ],
        [
            -0.13474981158374302,
            -0.1277524316309268
        ],
        [
            0.16563345288780268,
            0.021659207896311726
        ],
        [
            0.25380810081486194,
            0.02722020002031513
        ],
        [
            0.07054349173917732,
            0.015091593518934587
        ],
        [
            0.07029366011114532,
            0.012848000115525338
        ],
        [
            0.05117867460387373,
            -0.04303872593695814
        ],
        [
            -0.16842399131898275,
            0.00840756970219445
        ],
        [
            -0.15983917108695495,
            -0.42335792927416377
        ],
        [
            0.07135743562751032,
            -0.46134433224440274
        ],
        [
            -0.2760751572741441,
            -0.3747108832599224
        ],
        [
            -0.37405701640734035,
            -0.3317422035077925
        ],
        [
            -0.6630645922124655,
            -0.38370135261852373
        ],
        [
            -0.32926540850584407,
            -0.12753286452999174
        ],
        [
            -0.7362282016953114,
            -0.3547423003363795
        ],
        [
            -0.7524436391144695,
            0.2569313429806749
        ],
        [
            -0.5720372329194907,
            0.11160068848737063
        ],
        [
            -0.4877518598428218,
            0.4529386221094926
        ],
        [
            -0.5878945596406424,
            0.10779370796925507
        ],
        [
            -0.5130726419559947,
            0.0756004638239343
        ],
        [
            -0.7005193640014377,
            -0.11749999870483227
        ],
        [
            -1.0068170318970044,
            -0.2115485730220712
        ],
        [
            -1.0930189824568248,
            0.194609963436078
        ],
        [
            -1.2197886971983543,
            0.08084466573875834
        ],
        [
            -1.4779804176409428,
            0.280245161167141
        ],
        [
            -0.9418688169753894,
            -0.1154879374438977
        ],
        [
            -1.08926974782448,
            -0.0288156755135061
        ]
    ]
}