{
    "mse": 2711.685935975539,
    "max_dev": 76.09348970247966,
    "smoothness": 5969.005359943198,
    "num_episodes": 5,
    "mean_trajectory": [
        [
            0.0,
            0.0
        ],
        [
            2.3497337627826314,
            -33.67029993446537
        ],
        [
            3.9059929406137757,
            -33.0739772417768
        ],
        [
            6.047879554992922,
            -36.381654168470526
        ],
        [
            7.054364985591168,
            -38.81600937788578
        ],
        [
            6.607200584565085,
            -40.48447352708955
        ],
        [
            5.801876401576332,
            -41.48273133604565
        ],
        [
            4.243076223585078,
            -42.697729845889
        ],
        [
            2.7178877441158638,
            -42.28789507562934
        ],
        [
            1.4698923809592963,
            -42.82658175044507
        ],
        [
            -0.20895803244084857,
            -43.29848853511042
        ],
        [
            -0.5831884068505542,
            -45.9258250508506
        ],
        [
            -0.041855185727773934,
            -48.95092111635826
        ],
        [
            -0.7248309133308393,
            -51.06427682079375
        ],
        [
            -1.6808958133452427,
            -53.06577159897618
        ],
        [
            -1.6862228371643582,
            -56.161826998686024
        ],
        [
            -3.0819567977665585,
            -58.90162865504633
        ],
        [
            -4.892621215193643,
            -60.65912952379624
        ],
        [
            -6.182173023126907,
            -62.803112854620714
        ],
        [
            -7.762862580522511,
            -64.77886799151517
        ],
        [
            -7.977182048362343,
            -67.09104392370548
        ],
        [
            -7.636260549042473,
            -69.51072197019923
        ],
        [
            -7.289286708699453,
            -71.71840229574767
        ],
        [
            -7.744471972415416,
            -74.05451967575848
        ],
        [
            -6.596987125090273,
            -75.8069847439718
        ],
        [
            -0.7856665537398637,
            -7.5131971251702705
        ]
    ]
}