{
    "mse": 2712.815197947351,
    "max_dev": 76.18865743260238,
    "smoothness": 5996.148326593339,
    "num_episodes": 5,
    "mean_trajectory": [
        [
            0.0,
            0.0
        ],
        [
            2.320000076293944,
            -33.670001220703114
        ],
        [
            3.8999999999999986,
            -33.110000610351506
        ],
        [
            5.961999931335441,
            -36.427000732421845
        ],
        [
            7.0099996948242165,
            -38.821000671386685
        ],
        [
            6.656199840545646,
            -40.55270068359374
        ],
        [
            5.791000122070308,
            -41.46209884643554
        ],
        [
            4.205620136642455,
            -42.69526945800783
        ],
        [
            2.7190999740600574,
            -42.336209274291946
        ],
        [
            1.460561975517273,
            -42.789528166503885
        ],
        [
            -0.21809001213073742,
            -43.333620927429195
        ],
        [
            -0.5139437929115296,
            -45.88895342700198
        ],
        [
            -0.021809001213073387,
            -48.95336331344606
        ],
        [
            -0.7413943888278958,
            -51.00889656340331
        ],
        [
            -1.622180976415251,
            -53.04533633134457
        ],
        [
            -1.724139438882787,
            -56.13088843563719
        ],
        [
            -3.0622180976415265,
            -58.904533633134406
        ],
        [
            -4.892414020182223,
            -60.67308640215742
        ],
        [
            -6.176221886058087,
            -62.78045580471962
        ],
        [
            -7.729241554606119,
            -64.77730619880947
        ],
        [
            -7.997622493781591,
            -67.13804313906576
        ],
        [
            -7.6629243080485026,
            -69.50772939917783
        ],
        [
            -7.299762249378162,
            -71.81380431390653
        ],
        [
            -7.706292583392738,
            -74.06077049851149
        ],
        [
            -6.609976148643871,
            -75.90138165209378
        ],
        [
            -0.770629258339274,
            -7.406077049851149
        ]
    ]
}