{
    "mse": 2712.249787752575,
    "max_dev": 76.14107353044848,
    "smoothness": 5982.5322845374,
    "num_episodes": 5,
    "mean_trajectory": [
        [
            0.0,
            1.1368683772161604e-14
        ],
        [
            2.334866919538288,
            -33.670150577584266
        ],
        [
            3.9029964703068885,
            -33.091988926064175
        ],
        [
            6.004939743164184,
            -36.40432745044619
        ],
        [
            7.032182340207695,
            -38.818505024636224
        ],
        [
            6.6317002125553675,
            -40.518587105341645
        ],
        [
            5.7964382618233214,
            -41.47241509124058
        ],
        [
            4.224348180113767,
            -42.6964996519484
        ],
        [
            2.718493859087961,
            -42.31205217496065
        ],
        [
            1.4652271782382846,
            -42.80805495847451
        ],
        [
            -0.2135240222857929,
            -43.31605473126981
        ],
        [
            -0.548566099881042,
            -45.90738923892627
        ],
        [
            -0.03183209347042375,
            -48.95214221490215
        ],
        [
            -0.733112651079367,
            -51.03658669209854
        ],
        [
            -1.6515383948802476,
            -53.05555396516039
        ],
        [
            -1.7051811380235726,
            -56.14635771716159
        ],
        [
            -3.072087447704041,
            -58.9030811440904
        ],
        [
            -4.8925176176879335,
            -60.666107962976845
        ],
        [
            -6.179197454592495,
            -62.79178432967014
        ],
        [
            -7.746052067564316,
            -64.77808709516235
        ],
        [
            -7.987402271071969,
            -67.11454353138558
        ],
        [
            -7.649592428545489,
            -69.50922568468852
        ],
        [
            -7.29452447903881,
            -71.76610330482711
        ],
        [
            -7.725382277904079,
            -74.05764508713506
        ],
        [
            -6.6034816368670715,
            -75.8541831980328
        ],
        [
            -0.7781479060395691,
            -7.459637087510717
        ]
    ]
}