{
    "mse": 3.5960148726840213,
    "max_dev": 2.546616507538206,
    "smoothness": 3.265521679434956,
    "num_episodes": 5,
    "mean_trajectory": [
        [
            -0.24779706944890495,
            0.09098568035649482
        ],
        [
            -0.1730031291265839,
            -0.6773656610917158
        ],
        [
            -0.4247560283920979,
            -1.0773152605835072
        ],
        [
            -0.3121254121765752,
            -1.4018824751761774
        ],
        [
            -0.48260617488424096,
            -1.4515504848895169
        ],
        [
            -0.0504251543724112,
            -1.8072833614299515
        ],
        [
            -0.272728894427729,
            -1.739809809346839
        ],
        [
            -0.5415679988776281,
            -1.7974798002640704
        ],
        [
            -0.2622587473606443,
            -1.9259063222399582
        ],
        [
            -0.086560977203639,
            -1.9039262289149783
        ],
        [
            0.12144857579351868,
            -1.6679501982421616
        ],
        [
            0.08542532311892288,
            -2.2778177565664777
        ],
        [
            0.017287040501655283,
            -2.4911513570846195
        ],
        [
            -0.007228291823231786,
            -2.4510560816810054
        ],
        [
            0.12342519662806059,
            -2.5274655019825274
        ],
        [
            0.31336340105375476,
            -2.527263147229847
        ],
        [
            0.34014051679554347,
            -2.2749929959516106
        ],
        [
            0.48451498772473045,
            -2.463055715636601
        ],
        [
            0.5162415628782109,
            -2.030179098797187
        ],
        [
            0.41094152493835684,
            -1.926239161110331
        ],
        [
            0.7217258032476817,
            -2.057266095156449
        ],
        [
            0.8230264169820558,
            -1.7203543698563053
        ],
        [
            0.8221797204052596,
            -1.504359319971681
        ],
        [
            0.6090679391237245,
            -1.339967175685328
        ],
        [
            0.6707415894866727,
            -0.8424021654940219
        ],
        [
            0.810621364453904,
            -1.2736297574084858
        ]
    ]
}