{
    "mse": 14.34056859562317,
    "max_dev": 5.093233015076412,
    "smoothness": 13.312420447499111,
    "num_episodes": 5,
    "mean_trajectory": [
        [
            -0.4955941388978099,
            0.18197136071298964
        ],
        [
            -0.3460062582531678,
            -1.3547313221834316
        ],
        [
            -0.8495120567841958,
            -2.1546305211670145
        ],
        [
            -0.6242508243531504,
            -2.8037649503523547
        ],
        [
            -0.9652123497684819,
            -2.9031009697790338
        ],
        [
            -0.1008503087448224,
            -3.614566722859903
        ],
        [
            -0.545457788855458,
            -3.479619618693678
        ],
        [
            -1.0831359977552562,
            -3.594959600528141
        ],
        [
            -0.5245174947212886,
            -3.8518126444799163
        ],
        [
            -0.173121954407278,
            -3.8078524578299566
        ],
        [
            0.24289715158703737,
            -3.3359003964843232
        ],
        [
            0.17085064623784577,
            -4.555635513132955
        ],
        [
            0.03457408100331057,
            -4.982302714169239
        ],
        [
            -0.014456583646463572,
            -4.902112163362011
        ],
        [
            0.24685039325612118,
            -5.054931003965055
        ],
        [
            0.6267268021075095,
            -5.054526294459694
        ],
        [
            0.6802810335910869,
            -4.549985991903221
        ],
        [
            0.9690299754494609,
            -4.926111431273202
        ],
        [
            1.0324831257564218,
            -4.060358197594374
        ],
        [
            0.8218830498767137,
            -3.852478322220662
        ],
        [
            1.4434516064953633,
            -4.114532190312898
        ],
        [
            1.6997199347596514,
            -3.3753388937814437
        ],
        [
            1.7530235435854222,
            -2.922480685644447
        ],
        [
            1.3437318281363133,
            -2.555024833959712
        ],
        [
            1.4840569675722137,
            -1.5162440855686214
        ],
        [
            1.8044747535795254,
            -2.367963503742118
        ]
    ]
}