{
    "mse": 0.3798898257048776,
    "max_dev": 1.2355460603108774,
    "smoothness": 2.015522417109575,
    "num_episodes": 5,
    "mean_trajectory": [
        [
            -0.02863289959492362,
            -0.32253495235688445
        ],
        [
            -0.13152022257771095,
            0.0827464773845549
        ],
        [
            -0.5287260919835101,
            0.03787233571622197
        ],
        [
            -0.09066932397579945,
            -0.18217036028716688
        ],
        [
            -0.25856214493928464,
            -0.05219923085133985
        ],
        [
            -0.2780710962308094,
            -0.20226306244872744
        ],
        [
            -0.14924711595469947,
            0.11588203936822553
        ],
        [
            -0.18776636684141707,
            0.09235337742020211
        ],
        [
            -0.22248532092835402,
            -0.010680448532396847
        ],
        [
            -0.18444823677063402,
            0.23451071899030426
        ],
        [
            0.0034871800986170597,
            -0.10214195101770267
        ],
        [
            0.2262930924946752,
            0.16884817984354067
        ],
        [
            0.3736868798199697,
            0.25910375311260936
        ],
        [
            0.23387833548708178,
            0.26105156291503795
        ],
        [
            -0.16842334353154437,
            0.36523456873759697
        ],
        [
            -0.4398685346218925,
            0.2975864446243236
        ],
        [
            -0.7993991908565155,
            0.30460640811738815
        ],
        [
            -0.8446854758635608,
            0.27534791226066774
        ],
        [
            -0.8405014730872977,
            0.4507974998780355
        ],
        [
            -0.9621511616204466,
            0.5372423018845212
        ],
        [
            -0.8768125998597128,
            0.3123481567492149
        ],
        [
            -1.1641641793498594,
            0.41387900486543006
        ],
        [
            -0.8757447526690342,
            0.1923878353200621
        ],
        [
            -0.5854005757160821,
            0.0442487657478523
        ],
        [
            -0.7651017402696766,
            0.065318993127255
        ]
    ]
}