{
    "mse": 1.1533379789501934,
    "max_dev": 2.167072348942596,
    "smoothness": 7.68257866270466,
    "num_episodes": 5,
    "mean_trajectory": [
        [
            -0.05726579918984724,
            -0.6450699047137689
        ],
        [
            -0.2630404451554219,
            0.1654929547691098
        ],
        [
            -1.0574521839670201,
            0.07574467143244394
        ],
        [
            -0.1813386479515989,
            -0.36434072057433375
        ],
        [
            -0.5171242898785693,
            -0.1043984617026797
        ],
        [
            -0.5561421924616188,
            -0.4045261248974549
        ],
        [
            -0.29849423190939894,
            0.23176407873645105
        ],
        [
            -0.37553273368283413,
            0.18470675484040422
        ],
        [
            -0.44497064185670804,
            -0.021360897064793695
        ],
        [
            -0.36889647354126803,
            0.4690214379806085
        ],
        [
            0.006974360197234119,
            -0.20428390203540533
        ],
        [
            0.4525861849893504,
            0.33769635968708134
        ],
        [
            0.7473737596399394,
            0.5182075062252187
        ],
        [
            0.46775667097416357,
            0.5221031258300759
        ],
        [
            -0.3181862476393415,
            0.7304691374751912
        ],
        [
            -0.8500225639320723,
            0.5951728892486698
        ],
        [
            -1.2732229390960579,
            0.609212816234799
        ],
        [
            -1.3637955091101481,
            0.5506958245213582
        ],
        [
            -1.3554275035576233,
            0.9015949997561051
        ],
        [
            -1.5987268806239208,
            1.074484603769065
        ],
        [
            -1.428049757102451,
            0.624696313498464
        ],
        [
            -2.0027529160827426,
            0.8277580097308942
        ],
        [
            -1.4259140627210898,
            0.38477567064014695
        ],
        [
            -0.8452257088151868,
            0.0884975314957046
        ],
        [
            -1.204628037922373,
            0.13063798625449863
        ]
    ]
}