{
    "mse": 6.7800960920246105,
    "max_dev": 4.2344051139679,
    "smoothness": 4.859771746198054,
    "num_episodes": 5,
    "mean_trajectory": [
        [
            0.23304426754557425,
            -0.11417351141593599
        ],
        [
            0.17826508452045003,
            -0.26622368337347097
        ],
        [
            0.4119155520623735,
            -0.2707211586286576
        ],
        [
            0.23649120111439287,
            -0.005059210835236172
        ],
        [
            0.39206325943537196,
            -0.1380180308435115
        ],
        [
            0.5296784519792084,
            -0.5131836914235806
        ],
        [
            0.7898650490594946,
            -0.35681691982790653
        ],
        [
            0.8779663437359716,
            -0.6251150239147819
        ],
        [
            1.1738290044287454,
            -0.7366320568913352
        ],
        [
            1.255278755536051,
            -0.9237561423400393
        ],
        [
            1.645734705439861,
            -1.1450524457765596
        ],
        [
            1.7232047342092187,
            -1.143018111702395
        ],
        [
            1.7149876598954876,
            -1.0002522343243527
        ],
        [
            1.4964603106028733,
            -1.0739771766614468
        ],
        [
            1.5489345752923072,
            -0.8449982231521517
        ],
        [
            1.2948925602099934,
            -0.7166997836396831
        ],
        [
            1.0647142051774126,
            -0.6909061516208794
        ],
        [
            1.077382481297421,
            -0.8204271495823605
        ],
        [
            1.1624327281770732,
            -1.1128937189946781
        ],
        [
            0.9655273580076951,
            -0.9033176603315723
        ],
        [
            0.8089252911669217,
            -1.066304652336862
        ],
        [
            0.726742932650392,
            -1.6511633054400363
        ],
        [
            0.5285221342522025,
            -1.6187131877506544
        ],
        [
            0.6494612211744227,
            -1.653390094125416
        ],
        [
            0.3630166304408622,
            -1.7714881960224602
        ],
        [
            0.718139679390756,
            -1.9730010000683933
        ],
        [
            0.7724471846340272,
            -1.9944917106047342
        ],
        [
            1.140715946352321,
            -1.8872069767574202
        ],
        [
            1.3344816839379958,
            -1.7067909703317128
        ],
        [
            1.2855491132810144,
            -1.912359907912787
        ],
        [
            1.1219327427956167,
            -2.1611967417767346
        ],
        [
            1.3390527238007564,
            -2.3808948478555294
        ],
        [
            1.7262834799718114,
            -2.9037073066881702
        ],
        [
            1.6509758728167263,
            -2.829087562843779
        ],
        [
            1.7130046431301902,
            -2.810483652482026
        ],
        [
            1.7351654130523806,
            -2.9388724206264896
        ],
        [
            1.8998314403950034,
            -2.842000050161697
        ],
        [
            1.504208186396794,
            -3.0455232208467913
        ],
        [
            1.8062489601637899,
            -3.19906518860653
        ],
        [
            1.428758019894785,
            -2.77888542762489
        ],
        [
            1.3354942741563003,
            -2.73668650082384
        ],
        [
            1.116569038355269,
            -2.986811841548348
        ],
        [
            1.110818981751915,
            -2.8677892020913167
        ],
        [
            1.121450577392448,
            -3.2005416982425148
        ],
        [
            1.0434993738071143,
            -3.2346446230430943
        ],
        [
            1.1495498130281079,
            -3.345769486946929
        ],
        [
            1.2889493255966655,
            -3.2992833142656366
        ],
        [
            1.3751002102080534,
            -3.4581922429586713
        ],
        [
            1.1457155557297667,
            -3.4633732031181013
        ],
        [
            1.1789561334276892,
            -3.482054009685504
        ],
        [
            1.4405135907070665,
            -3.630081943899853
        ],
        [
            1.679759471548183,
            -3.8869775902289008
        ],
        [
            1.1224009577840826,
            -3.6110174976743794
        ],
        [
            1.0551199364886579,
            -3.6310329108727957
        ],
        [
            1.503617009251092,
            -3.5065512913521504
        ]
    ]
}