{
    "mse": 22.551004963311073,
    "max_dev": 7.601138012000153,
    "smoothness": 19.105494918435696,
    "num_episodes": 5,
    "mean_trajectory": [
        [
            0.4739109522056225,
            -0.238807057794304
        ],
        [
            0.3932476249133856,
            -0.5083906186508671
        ],
        [
            0.8786486253611997,
            -0.4948000810406484
        ],
        [
            0.5704210534549418,
            0.055737999568168564
        ],
        [
            0.8994919920086375,
            -0.19232524683768587
        ],
        [
            1.1941167188687074,
            -0.8697914482218494
        ],
        [
            1.734360251059337,
            -0.5313702818781962
        ],
        [
            1.9341441048690513,
            -1.0293886562599255
        ],
        [
            2.5486831121807656,
            -1.2365069693221358
        ],
        [
            2.724899392521189,
            -1.6079718721082827
        ],
        [
            3.538483518626623,
            -2.0352881580365874
        ],
        [
            3.7328972084341756,
            -1.9746398462974413
        ],
        [
            3.7443889661446237,
            -1.643182394508949
        ],
        [
            3.3422291549626464,
            -1.7884973829073032
        ],
        [
            3.4811164171146287,
            -1.3147596274381157
        ],
        [
            2.9889252408142455,
            -1.0203785317698704
        ],
        [
            2.549804097024045,
            -0.9532769106787328
        ],
        [
            2.5751406492640627,
            -1.2010602397129104
        ],
        [
            2.769104558527309,
            -1.774451358207466
        ],
        [
            2.389273402062046,
            -1.3530796267330971
        ],
        [
            2.120611310691622,
            -1.650582405870773
        ],
        [
            1.972237771225236,
            -2.807304319857849
        ],
        [
            1.5391711675783966,
            -2.717939170726504
        ],
        [
            1.751098111517583,
            -2.7028534479100244
        ],
        [
            1.1775001836754206,
            -2.9319677065181167
        ],
        [
            1.8492596305362252,
            -3.3167241656172566
        ],
        [
            1.9578746410227672,
            -3.335636707969434
        ],
        [
            2.6601440812361647,
            -3.0935302537453935
        ],
        [
            3.0387433973469875,
            -2.7088743289660444
        ],
        [
            2.919175727040281,
            -3.117637679644531
        ],
        [
            2.5503049460028557,
            -3.57830500146506
        ],
        [
            2.961127760681361,
            -3.9711862711263395
        ],
        [
            3.707904874990306,
            -4.998204759018995
        ],
        [
            3.5266533335049504,
            -4.829296662288016
        ],
        [
            3.607304624726681,
            -4.774445808237601
        ],
        [
            3.672812874101555,
            -5.018754452224584
        ],
        [
            4.002144928786801,
            -4.8250097112949994
        ],
        [
            3.2108984207903823,
            -5.232056052665188
        ],
        [
            3.814979968324374,
            -5.539139988184665
        ],
        [
            3.059998087786364,
            -4.698780466221384
        ],
        [
            2.873470596309395,
            -4.614382612619285
        ],
        [
            2.4356201247073326,
            -5.1146332940683
        ],
        [
            2.4241200115006243,
            -4.876588015154239
        ],
        [
            2.4453832027816897,
            -5.542093007456634
        ],
        [
            2.282981776792183,
            -5.611184011721103
        ],
        [
            2.496610346436661,
            -5.816607876742947
        ],
        [
            2.7765801411733797,
            -5.681243985563259
        ],
        [
            2.9070207040046028,
            -5.964070242994774
        ],
        [
            2.422869830680503,
            -5.95242349311211
        ],
        [
            2.4753735693387657,
            -5.9708474204046755
        ],
        [
            2.955538905456429,
            -6.247751775166597
        ],
        [
            3.4886878820678384,
            -6.753247806721345
        ],
        [
            2.367667082450565,
            -6.17644257758717
        ],
        [
            2.262869653400684,
            -6.1866369499968865
        ],
        [
            3.1401977166309756,
            -5.919094464264594
        ]
    ]
}