{
    "mse": 0.0066089321363270856,
    "max_dev": 0.1728915498564901,
    "smoothness": 0.010296055182674424,
    "num_episodes": 5,
    "mean_trajectory": [
        [
            -0.006538286094183832,
            0.0
        ],
        [
            -0.01068956132406811,
            -0.0002954489054673104
        ],
        [
            -0.03040736075227528,
            -0.0002954489054673104
        ],
        [
            -0.03040736075227528,
            -0.0002954489054673104
        ],
        [
            -0.032747340637524755,
            -0.0002954489054673104
        ],
        [
            -0.0334797092187273,
            -0.0002954489054673104
        ],
        [
            -0.0334797092187273,
            -0.0002954489054673104
        ],
        [
            -0.03446718378559126,
            -0.00043563864269344774
        ],
        [
            -0.03685820017532819,
            -0.0009172065841994481
        ],
        [
            -0.038060763144898146,
            -0.0009172065841994481
        ],
        [
            -0.05619681885611953,
            -0.0009172065841994481
        ],
        [
            -0.05822646300179315,
            -0.0018022902727125255
        ],
        [
            -0.06002577053358493,
            -0.0037107097964508284
        ],
        [
            -0.06002577053358493,
            -0.0037107097964508284
        ],
        [
            -0.06557132054803957,
            -0.003972438880919071
        ],
        [
            -0.06557132054803957,
            -0.003972438880919071
        ],
        [
            -0.08173882983476802,
            -0.003972438880919071
        ],
        [
            -0.08382400441360431,
            -0.003972438880919071
        ],
        [
            -0.08534178330374971,
            -0.003972438880919071
        ],
        [
            -0.09592617448198695,
            -0.003972438880919071
        ],
        [
            -0.16286849377171891,
            -0.003972438880919071
        ],
        [
            -0.17283064852255628,
            -0.004588566557413287
        ],
        [
            -0.15191142949976247,
            -0.004588566557413287
        ],
        [
            -0.15191142949976247,
            -0.004588566557413287
        ],
        [
            -0.15191142949976247,
            -0.004588566557413287
        ],
        [
            -0.1490367410048087,
            -0.004588566557413287
        ],
        [
            -0.1490367410048087,
            -0.004588566557413287
        ],
        [
            -0.1490367410048087,
            -0.004588566557413287
        ],
        [
            -0.1397547329556474,
            -0.004588566557413287
        ],
        [
            -0.1397547329556474,
            -0.00470657258938445
        ],
        [
            -0.10916959203525209,
            -0.009846399524622029
        ],
        [
            -0.08525372363811101,
            -0.009846399524622029
        ],
        [
            -0.07677248618394401,
            -0.009846399524622029
        ],
        [
            -0.05516235053679921,
            -0.009846399524622029
        ],
        [
            -0.0547032455511558,
            -0.009846399524622029
        ],
        [
            -0.05470324555115589,
            -0.009846399524622029
        ],
        [
            -0.05470324555115589,
            -0.009846399524622029
        ],
        [
            -0.05470324555115589,
            -0.009846399524622029
        ],
        [
            -0.05470324555115589,
            -0.009846399524622029
        ],
        [
            -0.05470324555115589,
            -0.009846399524622029
        ],
        [
            -0.05470324555115589,
            -0.009846399524622029
        ],
        [
            -0.05470324555115589,
            -0.009846399524622029
        ],
        [
            -0.05470324555115589,
            -0.009846399524622029
        ],
        [
            -0.05470324555115589,
            -0.009846399524622029
        ],
        [
            -0.05404595900939384,
            -0.009846399524622029
        ],
        [
            -0.05404595900939455,
            -0.009846399524622029
        ],
        [
            -0.03025739586981686,
            -0.010974132529679537
        ],
        [
            -0.03025739586981757,
            -0.010974132529679537
        ],
        [
            -0.024323787556543408,
            -0.010974132529679537
        ],
        [
            -0.024323787556543408,
            -0.01187408584743821
        ],
        [
            0.007805604421541901,
            -0.01187408584743821
        ],
        [
            0.006673631751388065,
            -0.011874085847432525
        ],
        [
            0.0034260933426743636,
            -0.011874085847432525
        ],
        [
            -0.0024877237332756154,
            -0.011874085847432525
        ],
        [
            0.013490781599254298,
            -0.011874085847432525
        ]
    ]
}