{
    "mse": 0.42149606716888094,
    "max_dev": 1.28512436105941,
    "smoothness": 3.0125791115232774,
    "num_episodes": 5,
    "mean_trajectory": [
        [
            0.21416271108666224,
            0.008951441509373126
        ],
        [
            -0.568195320317983,
            0.20787932101673617
        ],
        [
            -0.5931367958778481,
            0.27390400291191097
        ],
        [
            -0.3526546493370972,
            0.41466630129354487
        ],
        [
            -0.4049784539256436,
            0.47818809620238767
        ],
        [
            -0.5865193054162134,
            0.2882904314587279
        ],
        [
            -0.45179943043356585,
            0.6497859467984824
        ],
        [
            -0.5931514919393706,
            0.7682119249247649
        ],
        [
            -0.9247757645529532,
            0.8413480093310852
        ],
        [
            -0.9834841340013494,
            0.8272264391059878
        ],
        [
            -0.6370329764456966,
            0.5334553385541767
        ],
        [
            -0.33874256494654337,
            0.24590729743894713
        ],
        [
            -0.3397175972957543,
            0.04451580435886626
        ],
        [
            -0.33124025443021077,
            -0.038655835701405294
        ],
        [
            -0.4329081188043135,
            0.17173605799777647
        ],
        [
            -0.05965207909141199,
            0.3719367224410576
        ],
        [
            -0.27226170772854347,
            0.15422956114465478
        ],
        [
            -0.23835396886264276,
            -0.2278410861034331
        ],
        [
            0.22198982086098198,
            -0.2508741398467464
        ],
        [
            0.17286732127277987,
            0.14376138004040512
        ],
        [
            0.0507609980488084,
            0.3025252932080207
        ],
        [
            -0.13632106189376003,
            0.30765091358343855
        ],
        [
            -0.0013497460532960303,
            0.5466078755602325
        ],
        [
            0.2891640679601437,
            0.5667882079506399
        ],
        [
            0.4288228405039547,
            0.5167316514883282
        ],
        [
            0.7515418489431764,
            0.448137014038394
        ],
        [
            0.3868406938022799,
            0.6352061370410269
        ],
        [
            0.45137618004192903,
            0.41805725980579356
        ],
        [
            0.6639464152793846,
            0.4038577170512327
        ]
    ]
}