{
    "mse": 2.1245000892766446,
    "max_dev": 2.744223793539601,
    "smoothness": 11.917799299378027,
    "num_episodes": 5,
    "mean_trajectory": [
        [
            0.39216214627500107,
            0.026420792146080885
        ],
        [
            -1.1873412092636138,
            0.4115744589097119
        ],
        [
            -1.2372241603833474,
            0.5684962113729227
        ],
        [
            -0.7820098577612626,
            0.8707028970091016
        ],
        [
            -0.8894769398650254,
            1.0397669972295716
        ],
        [
            -1.237664285942391,
            0.6514231590719135
        ],
        [
            -0.9815514093538837,
            1.3969126346907843
        ],
        [
            -1.2827405611537472,
            1.6402046058751125
        ],
        [
            -1.9601786670183365,
            1.7858509321984228
        ],
        [
            -2.1082556796603087,
            1.7567077782627734
        ],
        [
            -1.4446441845219038,
            1.2192152888032808
        ],
        [
            -0.8445507369884451,
            0.6682997598900215
        ],
        [
            -0.8205076691149875,
            0.30881785579886695
        ],
        [
            -0.7918233536603256,
            0.15329617690166514
        ],
        [
            -1.029111368493503,
            0.603017747125915
        ],
        [
            -0.32870077950995763,
            1.034185942895283
        ],
        [
            -0.7597049812845441,
            0.6243821045895175
        ],
        [
            -0.7313168399411125,
            -0.11859496894529684
        ],
        [
            0.14976878705873703,
            -0.15893638814731617
        ],
        [
            0.046777258722430305,
            0.6629627245431096
        ],
        [
            -0.20842549684109174,
            1.0084914038721535
        ],
        [
            -0.5962111315106924,
            1.0375927248438757
        ],
        [
            -0.3615332549108118,
            1.5236457821133058
        ],
        [
            0.1957101996388218,
            1.5616065492397866
        ],
        [
            0.458740040843557,
            1.4789738684877078
        ],
        [
            1.1041780577220006,
            1.3417845935878394
        ],
        [
            0.3747757474402075,
            1.7159228395931052
        ],
        [
            0.5038467199195058,
            1.2816250851226385
        ],
        [
            0.9289871903944167,
            1.2532259996135169
        ]
    ]
}