{
    "mse": 0.003951203153940184,
    "max_dev": 0.09724019982182158,
    "smoothness": 0.0020449265784750156,
    "num_episodes": 5,
    "mean_trajectory": [
        [
            0.0,
            0.0
        ],
        [
            0.004094233127558055,
            0.0
        ],
        [
            0.009250717185126689,
            0.0
        ],
        [
            0.009250717185126689,
            -0.0006118793832911251
        ],
        [
            0.009250717185126689,
            -0.0006118793832911251
        ],
        [
            0.009250717185125268,
            -0.0006118793832911251
        ],
        [
            0.011910087613205177,
            -0.0006118793832911251
        ],
        [
            0.011910087613205177,
            -0.0007061823022297631
        ],
        [
            0.02804322959721901,
            -0.0007061823022297631
        ],
        [
            0.042372458985290254,
            -0.0007061823022297631
        ],
        [
            0.058168856021880974,
            -0.0007061823022297631
        ],
        [
            0.04397459712674774,
            -0.0007061823022297631
        ],
        [
            0.03530025085656483,
            -0.0007061823022297631
        ],
        [
            0.028170511758386318,
            -0.0007061823022297631
        ],
        [
            0.04945532998255366,
            -0.0007061823022240787
        ],
        [
            0.06129466623229618,
            -0.0007061823022240787
        ],
        [
            0.06129466623229618,
            -0.0007061823022240787
        ],
        [
            0.0675133007376516,
            -0.0007061823022240787
        ],
        [
            0.06878952030518377,
            -0.0010011231069029236
        ],
        [
            0.07350383003392125,
            -0.0010011231069029236
        ],
        [
            0.07350383003392266,
            -0.0010011231069029236
        ],
        [
            0.08801733672973455,
            -0.0010011231069029236
        ],
        [
            0.09723504622260748,
            -0.0010011231069029236
        ],
        [
            0.09723504622260748,
            -0.0010011231069029236
        ],
        [
            0.09723504622260748,
            -0.0010011231069029236
        ],
        [
            0.09723504622260748,
            -0.0010011231069029236
        ],
        [
            0.09723504622260748,
            -0.0010011231069029236
        ],
        [
            0.09723504622260748,
            -0.0010011231069029236
        ],
        [
            0.09723504622260748,
            -0.0010011231069029236
        ]
    ]
}