{
    "mse": 7.631525326724372,
    "max_dev": 4.325739068007386,
    "smoothness": 22.057982473200553,
    "num_episodes": 5,
    "mean_trajectory": [
        [
            0.6959361657455237,
            0.18172641620351732
        ],
        [
            1.0157073278946953,
            -0.32007358121610385
        ],
        [
            1.682797530628008,
            0.07222980319052044
        ],
        [
            1.0213702114037158,
            1.4378337057672304
        ],
        [
            1.490210616090362,
            1.8307873932110799
        ],
        [
            2.02280540157287,
            1.3995858698748922
        ],
        [
            2.0851967718886035,
            1.3937124892690869
        ],
        [
            1.9662390335576216,
            1.0768429265686295
        ],
        [
            2.308824726417421,
            1.2555761666897562
        ],
        [
            2.6713473271464725,
            1.3638264034725744
        ],
        [
            1.483552682355311,
            1.1080912071247015
        ],
        [
            1.0976365631868807,
            1.8350874050856458
        ],
        [
            0.3717719544380998,
            1.537988122278432
        ],
        [
            0.27473359977358525,
            2.3047313615138956
        ],
        [
            0.5138077777327459,
            2.2302350663046333
        ],
        [
            0.13178023392790816,
            2.046481275231741
        ],
        [
            0.5998831527239744,
            2.1026063029413087
        ],
        [
            0.7212869028368829,
            2.4962880171746322
        ],
        [
            0.38792000191536324,
            2.6129882467910805
        ],
        [
            0.6245936429181335,
            2.86786740538284
        ],
        [
            0.3067829992907193,
            2.9370563526706404
        ],
        [
            0.3375009809558705,
            2.5453578744631926
        ],
        [
            0.32607740108110833,
            2.2254284530669564
        ],
        [
            -0.3269939476141673,
            2.98902340376988
        ],
        [
            0.2738824048793461,
            3.537655684081551
        ],
        [
            0.783073296447833,
            2.716768808018827
        ],
        [
            0.944436637240537,
            2.3524728649084468
        ],
        [
            0.6046147804640128,
            3.034461440076342
        ],
        [
            0.9884127044338357,
            2.9968285036253066
        ],
        [
            1.2039663753587546,
            2.7042083512811472
        ],
        [
            1.2030240915333081,
            2.140716158344401
        ],
        [
            0.17489672410665094,
            2.3874364045962353
        ],
        [
            -0.9216239029223476,
            2.8656545157371056
        ],
        [
            -1.3360747837925018,
            3.096882075990243
        ],
        [
            -0.9295880994366026,
            3.3985520790531494
        ],
        [
            -0.7108684205868565,
            4.140846657237455
        ],
        [
            -0.36639640043521304,
            3.4326163820691704
        ],
        [
            1.6959422890516347,
            3.3582270376639256
        ],
        [
            2.132135148964861,
            3.1699602623199894
        ],
        [
            2.3396958721875456,
            3.6383844917976944
        ]
    ]
}