{
    "mse": 1.9757962529999389,
    "max_dev": 2.3518344461322607,
    "smoothness": 9.043225216105192,
    "num_episodes": 5,
    "mean_trajectory": [
        [
            0.3479680828727619,
            0.09086320810175866
        ],
        [
            0.5078536639473477,
            -0.16003679060805193
        ],
        [
            0.841398765314004,
            0.03611490159526022
        ],
        [
            0.5106851057018579,
            0.7189168528836152
        ],
        [
            0.745105308045181,
            0.9153936966055399
        ],
        [
            1.011402700786435,
            0.6997929349374461
        ],
        [
            1.0425983859443018,
            0.6968562446345434
        ],
        [
            0.9831195167788108,
            0.5384214632843147
        ],
        [
            1.1544123632087104,
            0.6277880833448781
        ],
        [
            1.3356736635732362,
            0.6819132017362872
        ],
        [
            0.7417763411776555,
            0.5540456035623508
        ],
        [
            0.5488182815934404,
            0.9175437025428229
        ],
        [
            0.1858859772190499,
            0.768994061139216
        ],
        [
            0.13736679988679262,
            1.1523656807569478
        ],
        [
            0.25690388886637294,
            1.1151175331523167
        ],
        [
            0.06589011696395408,
            1.0232406376158705
        ],
        [
            0.2999415763619872,
            1.0513031514706543
        ],
        [
            0.36064345141844145,
            1.2481440085873161
        ],
        [
            0.05909819082272012,
            1.3064941233955367
        ],
        [
            0.14639779558395177,
            1.4339337026914165
        ],
        [
            -0.012507526229755327,
            1.4685281763353175
        ],
        [
            -0.21095428119104867,
            1.1722128455438194
        ],
        [
            -0.2166660711284308,
            1.0122481348457086
        ],
        [
            -0.5432017454760668,
            1.3940456101971677
        ],
        [
            -0.24276356922931086,
            1.6683617503530002
        ],
        [
            0.011831876554933275,
            1.257918312321641
        ],
        [
            0.0925135469512881,
            1.0757703407664452
        ],
        [
            -0.07739738143697536,
            1.416764628350387
        ],
        [
            0.11450158054793462,
            1.397948160124861
        ],
        [
            0.222278416010397,
            1.251638083952787
        ],
        [
            0.22180727409767656,
            0.9698919874844136
        ],
        [
            -0.5296386220097815,
            1.0932521106103308
        ],
        [
            -1.3507608403898188,
            1.3323611661807717
        ],
        [
            -1.5579862808248954,
            1.4479749463073404
        ],
        [
            -1.1747339871813345,
            1.5988099478387994
        ],
        [
            -1.0653741477564616,
            1.9699572369309521
        ],
        [
            -0.8931381376806395,
            1.6158420993467986
        ],
        [
            0.9551061837002621,
            1.5786474271441762
        ],
        [
            1.501556260049415,
            1.4845140394721965
        ],
        [
            1.6053366216607572,
            1.7187261542110377
        ]
    ]
}