{
    "mse": 0.5574402340947211,
    "max_dev": 1.791203461904154,
    "smoothness": 4.054368560597642,
    "num_episodes": 5,
    "mean_trajectory": [
        [
            0.0,
            0.0
        ],
        [
            0.0,
            0.0
        ],
        [
            0.0,
            0.0
        ],
        [
            0.0,
            0.0
        ],
        [
            0.0,
            0.0
        ],
        [
            0.0,
            0.0
        ],
        [
            0.0,
            0.0
        ],
        [
            0.0,
            0.0
        ],
        [
            0.0,
            0.0
        ],
        [
            0.0,
            0.0
        ],
        [
            0.0,
            0.0
        ],
        [
            0.0,
            0.0
        ],
        [
            0.0,
            0.0
        ],
        [
            0.0,
            0.0
        ],
        [
            0.0,
            0.0
        ],
        [
            0.0,
            0.0
        ],
        [
            0.0,
            0.0
        ],
        [
            0.0,
            0.0
        ],
        [
            -0.26972362026992336,
            0.0
        ],
        [
            -0.3317980517502299,
            0.0
        ],
        [
            -0.3317980517502299,
            0.0
        ],
        [
            -0.7594095433379682,
            -0.2009321833755422
        ],
        [
            -0.7594095433379664,
            -0.20093218337552798
        ],
        [
            -0.7594095433379664,
            -0.20093218337552798
        ],
        [
            -0.7594095433379664,
            -0.20093218337552798
        ],
        [
            -0.7594095433379664,
            -0.20093218337552798
        ],
        [
            -0.7594095433379664,
            -0.20093218337552798
        ],
        [
            -0.7594095433379664,
            -0.20093218337552798
        ],
        [
            -0.7594095433379664,
            -0.20093218337552798
        ],
        [
            -0.7594095433379664,
            -0.20093218337552798
        ],
        [
            -0.7594095433379664,
            -0.20093218337552798
        ],
        [
            -1.2341739681262283,
            -0.20093218337552798
        ],
        [
            -1.779897777857304,
            -0.20093218337552798
        ],
        [
            -1.779897777857304,
            -0.20093218337552798
        ],
        [
            -1.4198798749260808,
            -0.20093218337552798
        ],
        [
            -1.4198798749260808,
            -0.20093218337552798
        ],
        [
            -1.4198798749260808,
            -0.20093218337552798
        ],
        [
            0.21427007834887313,
            -0.20093218337552798
        ],
        [
            0.8709773711339572,
            -0.20093218337552798
        ],
        [
            0.8709773711339572,
            -0.20093218337552798
        ]
    ]
}