{
    "mse": 0.5367673148405161,
    "max_dev": 1.1692846831002137,
    "smoothness": 2.4982080670431532,
    "num_episodes": 5,
    "mean_trajectory": [
        [
            0.09776963574151756,
            -0.03766279067153624
        ],
        [
            -0.0335250258622128,
            -0.16911368306394714
        ],
        [
            -0.09757370507681444,
            0.13869965465326894
        ],
        [
            0.26659292737141455,
            0.16154320858488017
        ],
        [
            0.21879722964986065,
            -0.028687644886886333
        ],
        [
            0.1947776602832644,
            0.40368265677415704
        ],
        [
            0.1925905545145667,
            0.18148351943364505
        ],
        [
            -0.18312655287856763,
            -0.08760986656136241
        ],
        [
            -0.2291559221643412,
            -0.372437122848597
        ],
        [
            -0.3624232218457914,
            -0.4246632686782289
        ],
        [
            -0.3361712460659276,
            -0.2839470422069209
        ],
        [
            -0.4351469964740996,
            -0.303843499279089
        ],
        [
            -0.7849119711468593,
            -0.5248307348933463
        ],
        [
            -1.0552124606918594,
            -0.3311433150316422
        ],
        [
            -1.162310763621265,
            -0.1275161123267134
        ],
        [
            -0.9089466958406861,
            0.24037517212113402
        ],
        [
            -0.7599717633865712,
            -0.17707776255383045
        ],
        [
            -0.8819675667744613,
            -0.17207503416122805
        ],
        [
            -0.5078473664946986,
            -0.386159551504459
        ],
        [
            -0.6476225344907173,
            -0.6968089723199637
        ],
        [
            -0.883138883401654,
            -0.48336101834699763
        ],
        [
            -0.7846206833401473,
            -0.3370980409795689
        ],
        [
            -0.9391313803641174,
            -0.22752909874782673
        ],
        [
            -0.7934429862475689,
            -0.09841599354624844
        ],
        [
            -0.8846285704493594,
            0.05873563051739348
        ],
        [
            -0.8551168477364168,
            0.14738508377096204
        ],
        [
            -0.46299556492113964,
            0.15958024139740418
        ],
        [
            -0.6992692603227713,
            0.15841461725956663
        ],
        [
            -0.8315963914114441,
            0.26872552708881015
        ],
        [
            -0.8297952117476761,
            0.058256295522929234
        ],
        [
            -0.9876119073484013,
            -0.009944343388292509
        ]
    ]
}