{
    "mse": 2.2013406382029648,
    "max_dev": 2.3385693662004274,
    "smoothness": 9.972186953240978,
    "num_episodes": 5,
    "mean_trajectory": [
        [
            0.19553927148303513,
            -0.07532558134307248
        ],
        [
            -0.0670500517244256,
            -0.3382273661278943
        ],
        [
            -0.19514741015362888,
            0.2773993093065379
        ],
        [
            0.5331858547428291,
            0.32308641716976033
        ],
        [
            0.4375944592997213,
            -0.05737528977377267
        ],
        [
            0.3895553205665288,
            0.8073653135483141
        ],
        [
            0.3851811090291334,
            0.3629670388672901
        ],
        [
            -0.36625310575713527,
            -0.17521973312272482
        ],
        [
            -0.4583118443286824,
            -0.744874245697194
        ],
        [
            -0.7248464436915828,
            -0.8493265373564578
        ],
        [
            -0.6723424921318552,
            -0.5678940844138418
        ],
        [
            -0.8702939929481992,
            -0.607686998558178
        ],
        [
            -1.5698239422937186,
            -1.0496614697866926
        ],
        [
            -2.1104249213837187,
            -0.6622866300632844
        ],
        [
            -2.32462152724253,
            -0.2550322246534268
        ],
        [
            -1.8178933916813722,
            0.48075034424226804
        ],
        [
            -1.5199435267731425,
            -0.3541555251076609
        ],
        [
            -1.7639351335489226,
            -0.3441500683224561
        ],
        [
            -1.0156947329893973,
            -0.772319103008918
        ],
        [
            -1.2952450689814345,
            -1.3936179446399275
        ],
        [
            -1.766277766803308,
            -0.9667220366939953
        ],
        [
            -1.5692413666802947,
            -0.6741960819591378
        ],
        [
            -1.8782627607282347,
            -0.45505819749565346
        ],
        [
            -1.5868859724951379,
            -0.19683198709249689
        ],
        [
            -1.7692571408987188,
            0.11747126103478696
        ],
        [
            -1.7102336954728337,
            0.2947701675419241
        ],
        [
            -0.9727302418635814,
            0.34704507377605937
        ],
        [
            -1.464930356245075,
            0.3446312907136459
        ],
        [
            -1.7375403103814733,
            0.5953109211967899
        ],
        [
            -1.7771803255822811,
            0.18639340948977007
        ],
        [
            -2.126286559764265,
            0.06104211784460176
        ]
    ]
}