{
    "mse": 0.005858456851596085,
    "max_dev": 0.11226773148792975,
    "smoothness": 0.0009015391284114397,
    "num_episodes": 5,
    "mean_trajectory": [
        [
            -0.015158575714011135,
            0.0
        ],
        [
            -0.017297655128761847,
            -0.0016996835702627778
        ],
        [
            -0.023625420357713266,
            -0.0016996835702627778
        ],
        [
            -0.03233150710225772,
            -0.0016996835702627778
        ],
        [
            -0.03250157738877313,
            -0.0019008386457301184
        ],
        [
            -0.03250157738877313,
            -0.0019008386457301184
        ],
        [
            -0.032501577388772775,
            -0.0037903386231334935
        ],
        [
            -0.04703464377195985,
            -0.0037903386231334935
        ],
        [
            -0.05964619871547257,
            -0.005111282333086819
        ],
        [
            -0.06040525754295913,
            -0.005111282333086819
        ],
        [
            -0.06709843841207999,
            -0.005111282333086819
        ],
        [
            -0.06816447501425955,
            -0.005111282333098188
        ],
        [
            -0.06816447501425955,
            -0.005111282333098188
        ],
        [
            -0.0746627594496033,
            -0.005111282333098188
        ],
        [
            -0.0746627594496033,
            -0.005111282333098188
        ],
        [
            -0.0746627594496033,
            -0.005111282333098188
        ],
        [
            -0.08428336045458877,
            -0.005111282333098188
        ],
        [
            -0.08428336045458877,
            -0.005111282333098188
        ],
        [
            -0.08428336045458877,
            -0.005111282333098188
        ],
        [
            -0.09075972120933215,
            -0.005111282333098188
        ],
        [
            -0.09823294103142928,
            -0.005111282333098188
        ],
        [
            -0.10154217550040698,
            -0.005111282333098188
        ],
        [
            -0.11215131887925907,
            -0.005111282333098188
        ],
        [
            -0.11215131887925907,
            -0.005111282333098188
        ],
        [
            -0.11215131887925907,
            -0.005111282333098188
        ],
        [
            -0.11215131887925907,
            -0.005111282333098188
        ],
        [
            -0.11215131887925907,
            -0.005111282333098188
        ]
    ]
}