{
    "mse": 2.550424302380239,
    "max_dev": 3.0033756824885267,
    "smoothness": 3.419730275888363,
    "num_episodes": 5,
    "mean_trajectory": [
        [
            0.0053143063612210995,
            0.01293614989491516
        ],
        [
            0.060384204280182985,
            -0.21507115368257246
        ],
        [
            0.07195349688726438,
            -0.06931573597381088
        ],
        [
            0.48429207168226684,
            -0.45399026443237744
        ],
        [
            0.33713914268346346,
            -0.3424869751927872
        ],
        [
            0.5913219493132618,
            -0.4614288251664448
        ],
        [
            0.6378195082572994,
            -0.15136733210200645
        ],
        [
            0.25965661351049363,
            0.29278139894245214
        ],
        [
            0.24027347575085684,
            -0.024775493096444733
        ],
        [
            0.10835547621082356,
            -0.3235558784199668
        ],
        [
            -0.2968792265481198,
            -0.4004501765389648
        ],
        [
            -0.2649653861687028,
            -0.8403576973938357
        ],
        [
            -0.24949627073953878,
            -1.2921127431158426
        ],
        [
            0.09149202641872875,
            -1.1017472233546073
        ],
        [
            -0.15038547747120673,
            -1.2519079508321056
        ],
        [
            -0.4595735308450969,
            -1.4950818000137702
        ],
        [
            -0.6632686687740375,
            -1.6850947763301405
        ],
        [
            -0.3334248786002945,
            -2.0364189827467043
        ],
        [
            -0.0423844581361152,
            -2.0558984625806374
        ],
        [
            -0.12432288124113881,
            -1.935683488901327
        ],
        [
            0.09030159416370509,
            -1.8219122198450577
        ],
        [
            0.3244497030080282,
            -2.0478472529721783
        ],
        [
            -0.27927312566963847,
            -2.1915359289219625
        ],
        [
            0.04556460956270443,
            -2.5685299288798995
        ],
        [
            0.16280530631414641,
            -2.625985360174915
        ],
        [
            0.22634590450346295,
            -2.857491526639273
        ],
        [
            0.19644974706770144,
            -2.9969439412575705
        ]
    ]
}