{
    "mse": 8.6257105459546,
    "max_dev": 5.585265922985584,
    "smoothness": 13.616415292672519,
    "num_episodes": 5,
    "mean_trajectory": [
        [
            0.03922436957127502,
            0.03757031886755158
        ],
        [
            0.15043184810410537,
            -0.4399815484761064
        ],
        [
            0.1990686254670173,
            -0.13294256875973928
        ],
        [
            1.0686747502081988,
            -0.8718446365720979
        ],
        [
            0.7876524841157773,
            -0.6097716932162826
        ],
        [
            1.3189202945276588,
            -0.8476553931636033
        ],
        [
            1.4229300788808168,
            -0.21060922248000793
        ],
        [
            0.7039843249442995,
            0.7114764453262638
        ],
        [
            0.6795503349744493,
            0.1002799328827166
        ],
        [
            0.425227075245968,
            -0.4916341071100646
        ],
        [
            -0.39920466080712913,
            -0.6404230086237931
        ],
        [
            -0.2937004193273481,
            -1.5011861457122335
        ],
        [
            -0.26276218846902,
            -2.3721710065539923
        ],
        [
            0.44300999100694866,
            -1.984620994526108
        ],
        [
            -0.014791689085683402,
            -2.2639957165207987
        ],
        [
            -0.594251421610187,
            -2.7459433143079424
        ],
        [
            -0.9769093791435693,
            -3.0993876196482004
        ],
        [
            -0.2952916873418417,
            -3.781444079673281
        ],
        [
            0.3083556584551417,
            -3.7927553178592235
        ],
        [
            0.14616038413374496,
            -3.5176323394226983
        ],
        [
            0.588322373492798,
            -3.241087999309923
        ],
        [
            1.0697962969596262,
            -3.6625051364398473
        ],
        [
            -0.12105003580278435,
            -3.9123749367045093
        ],
        [
            0.5286254346619016,
            -4.666362936620383
        ],
        [
            0.7631068281647855,
            -4.781273799210415
        ],
        [
            0.8901880245434184,
            -5.2442861321391305
        ],
        [
            0.8303957096718954,
            -5.523190961375725
        ]
    ]
}