{
    "mse": 5.33438189415745,
    "max_dev": 4.3096894294423365,
    "smoothness": 18.66567585032687,
    "num_episodes": 5,
    "mean_trajectory": [
        [
            0.0,
            0.0
        ],
        [
            0.0,
            0.0
        ],
        [
            0.0,
            0.0
        ],
        [
            0.0,
            0.0
        ],
        [
            0.0,
            0.0
        ],
        [
            0.0,
            0.0
        ],
        [
            0.0,
            0.0
        ],
        [
            0.0,
            0.0
        ],
        [
            0.0,
            0.0
        ],
        [
            0.0,
            0.0
        ],
        [
            0.0,
            0.0
        ],
        [
            0.0,
            0.0
        ],
        [
            0.0,
            0.0
        ],
        [
            0.0,
            0.0
        ],
        [
            0.0,
            0.0
        ],
        [
            0.0,
            0.0
        ],
        [
            0.0,
            0.0
        ],
        [
            0.0,
            0.0
        ],
        [
            0.0,
            0.0
        ],
        [
            0.0,
            0.0
        ],
        [
            0.0,
            0.0
        ],
        [
            0.0,
            0.0
        ],
        [
            0.0,
            0.0
        ],
        [
            0.0,
            0.0
        ],
        [
            0.40445618790604243,
            0.0
        ],
        [
            0.46586990505028325,
            0.0
        ],
        [
            0.46586990505028325,
            0.0
        ],
        [
            1.6600346947106068,
            0.0
        ],
        [
            1.8411256747730391,
            0.0
        ],
        [
            1.8411256747730391,
            0.0
        ],
        [
            4.185592288755842,
            0.0
        ],
        [
            4.185592288755842,
            0.0
        ],
        [
            4.185592288755842,
            0.0
        ],
        [
            4.185592288755842,
            -1.026761983399581
        ],
        [
            4.185592288755842,
            -1.026761983399581
        ],
        [
            3.9650355580673375,
            -1.026761983399581
        ],
        [
            3.6957001629941466,
            -1.026761983399581
        ],
        [
            2.859302252399111,
            -1.026761983399581
        ],
        [
            2.859302252399111,
            -1.026761983399581
        ],
        [
            2.859302252399111,
            -2.7722866270881354
        ],
        [
            2.9042963776451423,
            -2.7722866270881354
        ],
        [
            2.9042963776451423,
            -2.7722866270881354
        ],
        [
            2.118066921884461,
            -2.7722866270881354
        ],
        [
            1.4931442215025221,
            -2.7722866270881354
        ],
        [
            0.43452982282978425,
            -2.7722866270881354
        ],
        [
            -0.2332271911745103,
            -2.7722866270881354
        ],
        [
            -0.2332271911745103,
            -2.7722866270881354
        ],
        [
            -2.244160799581703,
            -2.7722866270881354
        ]
    ]
}