{
    "mse": 6.100735315486747,
    "max_dev": 4.760757428118413,
    "smoothness": 33.771471374049284,
    "num_episodes": 5,
    "mean_trajectory": [
        [
            -0.07864796569252391,
            0.2729703763378867
        ],
        [
            0.08113042485380231,
            0.2203034501192212
        ],
        [
            -0.20716461136685846,
            0.5267518853817601
        ],
        [
            -0.07259355978931606,
            0.7043054426851286
        ],
        [
            0.32886466184334157,
            1.2455021751299764
        ],
        [
            0.3702748470428399,
            0.8285493530277925
        ],
        [
            0.4327702782097571,
            1.4741327800132455
        ],
        [
            0.3649282760562847,
            1.217891333627781
        ],
        [
            -0.4191044849356967,
            1.5203372415255305
        ],
        [
            -0.40252083221515117,
            1.301308623437446
        ],
        [
            -0.18471846078116314,
            1.5522810521222372
        ],
        [
            -0.09277361977357686,
            1.440198908013389
        ],
        [
            -0.12571832927502902,
            1.2809240514509774
        ],
        [
            0.36133010317979875,
            1.6548582922206492
        ],
        [
            -0.20071015141818097,
            2.127492061994022
        ],
        [
            0.2602665140712265,
            2.25667386570419
        ],
        [
            -0.5423697060709703,
            2.089625476749332
        ],
        [
            -0.7009868070800848,
            2.038752640187493
        ],
        [
            -1.3174822346528052,
            1.5700279776126242
        ],
        [
            -1.840812641280014,
            1.536431960208312
        ],
        [
            -1.6187911975973008,
            1.9328610411286942
        ],
        [
            -2.03089508777549,
            1.8493732989720963
        ],
        [
            -1.541786854454753,
            1.559307242595673
        ],
        [
            -1.3705830488069677,
            1.2105594123110088
        ],
        [
            -1.6288870799039752,
            1.428707677534338
        ],
        [
            -1.4514015067489052,
            1.7164295737946929
        ],
        [
            -1.8584114308298403,
            1.8126724147288855
        ],
        [
            -0.8157015279749273,
            2.871617776023709
        ],
        [
            -0.6602640373247212,
            3.697360691774577
        ],
        [
            0.12797153217274088,
            3.8042859913371103
        ],
        [
            2.2302617393088213,
            3.6226255794940583
        ],
        [
            3.0894410624445827,
            3.16469927599361
        ],
        [
            2.858573021587631,
            3.1007487464307246
        ],
        [
            2.985731246500626,
            1.5181378031122221
        ],
        [
            3.2552295274828573,
            1.5075941124954284
        ],
        [
            3.101711596264851,
            1.5415651895397446
        ],
        [
            2.984232924737951,
            1.796782461221801
        ],
        [
            1.6842081921777385,
            1.7599465208817264
        ],
        [
            2.0522163833476137,
            1.3153242567137453
        ],
        [
            2.4196840741129266,
            -0.46794932190143756
        ],
        [
            1.8246017486436277,
            -1.3490313454407896
        ],
        [
            1.0145847198575608,
            -1.3553694462912063
        ],
        [
            0.031210317551944478,
            -0.915307972915025
        ],
        [
            -0.4449476863918502,
            -0.11559437960866034
        ],
        [
            -1.3359658031984132,
            -0.2407174739886159
        ],
        [
            -2.2041365718999772,
            0.021811233898506543
        ],
        [
            -2.58815188700448,
            0.4974857765398724
        ],
        [
            -4.741329150818136,
            0.42966169597349335
        ]
    ]
}