{
    "mse": 4.062631823955745,
    "max_dev": 3.966781811763576,
    "smoothness": 22.557215083707977,
    "num_episodes": 5,
    "mean_trajectory": [
        [
            -0.03932398284626196,
            0.13648518816894334
        ],
        [
            0.04056521242690116,
            0.1101517250596106
        ],
        [
            -0.10358230568342923,
            0.26337594269088005
        ],
        [
            -0.03629677989465803,
            0.3521527213425643
        ],
        [
            0.16443233092167078,
            0.6227510875649882
        ],
        [
            0.18513742352141996,
            0.41427467651389627
        ],
        [
            0.21638513910487855,
            0.7370663900066228
        ],
        [
            0.18246413802814235,
            0.6089456668138905
        ],
        [
            -0.20955224246784834,
            0.7601686207627653
        ],
        [
            -0.20126041610757558,
            0.650654311718723
        ],
        [
            -0.09235923039058157,
            0.7761405260611186
        ],
        [
            -0.04638680988678843,
            0.7200994540066945
        ],
        [
            -0.06285916463751451,
            0.6404620257254887
        ],
        [
            0.18066505158989937,
            0.8274291461103246
        ],
        [
            -0.10035507570909048,
            1.063746030997011
        ],
        [
            0.13013325703561324,
            1.128336932852095
        ],
        [
            -0.2711848530354852,
            1.044812738374666
        ],
        [
            -0.3504934035400424,
            1.0193763200937465
        ],
        [
            -0.6587411173264026,
            0.7850139888063121
        ],
        [
            -0.920406320640007,
            0.768215980104156
        ],
        [
            -0.8093955987986504,
            0.9664305205643471
        ],
        [
            -1.015447543887745,
            0.9246866494860482
        ],
        [
            -0.7708934272273765,
            0.7796536212978366
        ],
        [
            -0.6852915244034836,
            0.6052797061555033
        ],
        [
            -0.6122154459989666,
            0.7143538387671683
        ],
        [
            -0.4927658008493111,
            0.8582147868973437
        ],
        [
            -0.6962707628897782,
            0.9063362073644328
        ],
        [
            0.4221665833678408,
            1.4358088880118487
        ],
        [
            0.5904308187241625,
            1.8486803458872885
        ],
        [
            0.9845486034728921,
            1.9021429956685494
        ],
        [
            3.207927014032336,
            1.8113127897470462
        ],
        [
            3.637516675600216,
            1.5823496379968218
        ],
        [
            3.522082655171741,
            1.5503743732153794
        ],
        [
            3.585661767628237,
            0.24568790985634906
        ],
        [
            3.7204109081193524,
            0.2404160645479692
        ],
        [
            3.533373577166097,
            0.25740160307013865
        ],
        [
            3.339966543866052,
            0.3850102389111726
        ],
        [
            2.2717552222884274,
            0.36659226874113526
        ],
        [
            2.4557593178733645,
            0.1442811366571391
        ],
        [
            2.6394931632560215,
            -1.6201179744947354
        ],
        [
            2.364449063144388,
            -2.0606589862644227
        ],
        [
            1.9594405487513549,
            -2.063828036689631
        ],
        [
            1.0746386197182058,
            -1.8437973000015404
        ],
        [
            0.5240982675553383,
            -1.443940503348358
        ],
        [
            -0.45071799018431236,
            -1.5065020505383244
        ],
        [
            -1.218681881537241,
            -1.375237696594752
        ],
        [
            -1.4106895390894927,
            -1.1374004252740633
        ],
        [
            -3.492744975199917,
            -1.1713124655572529
        ]
    ]
}