{
    "mse": 2121.6439875147944,
    "max_dev": 62.31626724723515,
    "smoothness": 268.08462214665246,
    "num_episodes": 5,
    "mean_trajectory": [
        [
            -1.1102230246251566e-17,
            1.1102230246251566e-17
        ],
        [
            0.009531729850832883,
            -0.05662039703008546
        ],
        [
            0.683746627453693,
            -3.1236039889083584
        ],
        [
            0.9442859062251042,
            -5.8017971360699905
        ],
        [
            0.25702834809247765,
            -8.526511255126511
        ],
        [
            0.10660559632731222,
            -12.981247488399617
        ],
        [
            1.2623313553216966,
            -18.69637606051746
        ],
        [
            2.6572361578092,
            -23.659500202400984
        ],
        [
            4.134736543381145,
            -27.41266820952702
        ],
        [
            5.120644857753787,
            -32.12699212924775
        ],
        [
            5.623030195608621,
            -35.650149122849406
        ],
        [
            4.266715871462277,
            -39.74774699824063
        ],
        [
            3.0923053352418726,
            -43.67582791864012
        ],
        [
            2.723571653404192,
            -46.865617578654394
        ],
        [
            2.0854561869202035,
            -51.11557681626208
        ],
        [
            2.5946602793870683,
            -52.415333465195694
        ],
        [
            3.6784007012346565,
            -53.45438677656979
        ],
        [
            5.065825445219919,
            -54.919671171056926
        ],
        [
            6.7841030078258155,
            -54.877471082709235
        ],
        [
            5.303465656850738,
            -57.228538563785584
        ],
        [
            3.684825046604515,
            -57.3440675041207
        ],
        [
            1.5457481772299924,
            -58.40613371584516
        ],
        [
            0.3848229017602353,
            -58.923897554362384
        ],
        [
            -1.0786784709019672,
            -59.540170616395926
        ],
        [
            0.007374760444452733,
            -60.503815498560016
        ],
        [
            1.4639236360997132,
            -59.95104422918009
        ],
        [
            3.5575533785443456,
            -59.997632552304665
        ],
        [
            4.611309616416786,
            -60.5764168156368
        ],
        [
            3.5833040500889943,
            -61.333151368845776
        ],
        [
            2.1771822661115188,
            -62.27822284722777
        ]
    ]
}