{
    "mse": 2122.982904771247,
    "max_dev": 62.273825498766875,
    "smoothness": 267.6270116074342,
    "num_episodes": 5,
    "mean_trajectory": [
        [
            0.0,
            0.0
        ],
        [
            0.0,
            0.0
        ],
        [
            0.6900000095367425,
            -3.1100000381469712
        ],
        [
            0.9100000381469726,
            -5.699999999999989
        ],
        [
            0.278999991416931,
            -8.591000308990488
        ],
        [
            0.1410000038146979,
            -12.989999694824206
        ],
        [
            1.2778999991416917,
            -18.739100336074813
        ],
        [
            2.6341000766754163,
            -23.609000579833975
        ],
        [
            4.107789923620224,
            -27.433910643958995
        ],
        [
            5.093409931373593,
            -32.09089883728029
        ],
        [
            5.600779144949918,
            -35.65339167474747
        ],
        [
            4.399341145725252,
            -39.76909049407959
        ],
        [
            3.05007787634802,
            -43.65533855712317
        ],
        [
            2.6399341145725224,
            -46.86690843905643
        ],
        [
            2.065007825781773,
            -51.11553385571233
        ],
        [
            2.6039933733102814,
            -52.45669206460872
        ],
        [
            3.6565007825781777,
            -53.47155399592276
        ],
        [
            5.040399261037081,
            -54.88566859610927
        ],
        [
            6.815650078257818,
            -54.86715662029542
        ],
        [
            5.244040078691594,
            -57.26856563890783
        ],
        [
            3.7115649315318358,
            -57.37671810343579
        ],
        [
            1.5544040269426453,
            -58.40685534318766
        ],
        [
            0.4511564943452768,
            -59.02767425174977
        ],
        [
            -0.9945595973057355,
            -59.600683092912504
        ],
        [
            0.0851156500305752,
            -60.51276498376865
        ],
        [
            1.4405440021224507,
            -60.01006830929123
        ],
        [
            3.5685114124151625,
            -60.01127405697059
        ],
        [
            4.584054552800136,
            -60.57100805163225
        ],
        [
            3.636851064947571,
            -61.41112496429082
        ],
        [
            2.138405378986068,
            -62.23709958446
        ]
    ]
}