{
    "mse": 2122.3124523750657,
    "max_dev": 62.29504357689642,
    "smoothness": 267.7966947478319,
    "num_episodes": 5,
    "mean_trajectory": [
        [
            -5.551115123125783e-18,
            5.551115123125783e-18
        ],
        [
            0.004765864925415997,
            -0.02831019851504237
        ],
        [
            0.6868733184952174,
            -3.1168020135276633
        ],
        [
            0.9271429721860383,
            -5.750898568034993
        ],
        [
            0.2680141697547044,
            -8.558755782058492
        ],
        [
            0.12380280007100453,
            -12.985623591611926
        ],
        [
            1.2701156772316942,
            -18.717738198296143
        ],
        [
            2.6456681172423075,
            -23.634250391117472
        ],
        [
            4.121263233500679,
            -27.423289426743032
        ],
        [
            5.1070273945636915,
            -32.10894548326401
        ],
        [
            5.611904670279264,
            -35.65177039879844
        ],
        [
            4.333028508593764,
            -39.758418746160125
        ],
        [
            3.0711916057949447,
            -43.66558323788168
        ],
        [
            2.681752883988358,
            -46.8662630088554
        ],
        [
            2.075232006350988,
            -51.115555335987175
        ],
        [
            2.599326826348674,
            -52.43601276490224
        ],
        [
            3.667450741906417,
            -53.46297038624631
        ],
        [
            5.0531123531285,
            -54.90266988358313
        ],
        [
            6.799876543041814,
            -54.872313851502305
        ],
        [
            5.273752867771168,
            -57.24855210134674
        ],
        [
            3.6981949890681753,
            -57.36039280377825
        ],
        [
            1.5500761020863194,
            -58.40649452951641
        ],
        [
            0.4179896980527566,
            -58.975785903056114
        ],
        [
            -1.0366190341038515,
            -59.570426854654215
        ],
        [
            0.046245205237513784,
            -60.50829024116435
        ],
        [
            1.452233819111082,
            -59.98055626923567
        ],
        [
            3.5630323954797563,
            -60.00445330463758
        ],
        [
            4.597682084608462,
            -60.5737124336345
        ],
        [
            3.610077557518283,
            -61.37213816656826
        ],
        [
            2.1577938225487925,
            -62.2576612158439
        ]
    ]
}