{
    "mse": 3.784013900890153,
    "max_dev": 4.0672745671834445,
    "smoothness": 15.155712397018346,
    "num_episodes": 5,
    "mean_trajectory": [
        [
            -0.5356851522937587,
            -1.0739029801574815
        ],
        [
            -0.9820804527187399,
            -0.7767814802302724
        ],
        [
            -0.28508818633913274,
            -1.0385682346286444
        ],
        [
            0.4803915429482437,
            -0.5551936359282422
        ],
        [
            0.9921291579105158,
            0.45644557305545275
        ],
        [
            1.1163699844341763,
            0.41738785530872063
        ],
        [
            1.0862321169853444,
            0.5588628218057806
        ],
        [
            1.4702520569730537,
            -0.46854463984795985
        ],
        [
            1.4880288991289732,
            -0.4120135947076619
        ],
        [
            1.2522540157412068,
            -0.553170531002047
        ],
        [
            1.34400309907658,
            0.3414757507526701
        ],
        [
            1.8857937505526472,
            0.6449292987410218
        ],
        [
            0.815242260002696,
            0.5430830211304055
        ],
        [
            0.450621404195124,
            0.8982769278301248
        ],
        [
            0.6121081516846285,
            1.0592944618210935
        ],
        [
            0.3140685680300662,
            0.7018444047556158
        ],
        [
            1.3127292674203865,
            0.4215147649033838
        ],
        [
            1.3026123831131513,
            0.24290341928070802
        ],
        [
            1.3621554496529007,
            -0.6458834013977366
        ],
        [
            1.4554461419937545,
            -0.18053625259009323
        ],
        [
            1.9277518114719752,
            0.006977609133905105
        ],
        [
            2.555734374449029,
            -0.23418014122037753
        ],
        [
            2.3168038086137557,
            0.3795750779253776
        ],
        [
            1.7822521518072918,
            0.31175020563433725
        ],
        [
            1.0265749151668215,
            0.03990409898765464
        ],
        [
            1.1529294579848506,
            0.39284701962003155
        ],
        [
            1.4782846842454749,
            -0.4480852613293257
        ],
        [
            1.7205462004766332,
            -1.3009831422933549
        ],
        [
            2.1550621954100597,
            -1.5085690907778468
        ],
        [
            2.636653552151792,
            -1.5348874397815873
        ],
        [
            2.4629336611376957,
            -1.6012040687052953
        ],
        [
            2.353962970626222,
            -1.0506624762394636
        ],
        [
            2.968639944796768,
            -0.7238504943053629
        ],
        [
            3.472718698502704,
            -0.9206764674705763
        ],
        [
            4.033516167884936,
            -0.5229433317942712
        ]
    ]
}