{
    "mse": 0.0008583170180285675,
    "max_dev": 0.06326460758553101,
    "smoothness": 0.0033656991951084743,
    "num_episodes": 5,
    "mean_trajectory": [
        [
            -0.008770980808981754,
            0.0
        ],
        [
            -0.005800228795926898,
            0.0
        ],
        [
            -0.00356956377549269,
            0.0
        ],
        [
            -0.002644314211865151,
            -0.0006118793832911251
        ],
        [
            0.0018613619438333727,
            -0.0007663185507681191
        ],
        [
            0.017094248155200376,
            -0.0007663185507681191
        ],
        [
            0.02587352005795651,
            -0.0027760764182971796
        ],
        [
            0.028029831500718673,
            -0.003895266359972993
        ],
        [
            0.036002766549320595,
            -0.003895266359972993
        ],
        [
            0.05796469271289482,
            -0.003895266359972993
        ],
        [
            0.05796469271289482,
            -0.003895266359972993
        ],
        [
            0.06010435958246489,
            -0.003895266359972993
        ],
        [
            0.04763198837130753,
            -0.003895266359972993
        ],
        [
            0.063144575958162,
            -0.003895266359972993
        ],
        [
            0.036810895929859554,
            -0.003895266359972993
        ],
        [
            0.036810895929859554,
            -0.003895266359972993
        ],
        [
            0.005835376493088518,
            -0.003895266359972993
        ],
        [
            -0.013088989223713553,
            -0.003895266359972993
        ],
        [
            -0.013088989223713553,
            -0.007504669321542678
        ],
        [
            -0.01945352205825799,
            -0.007504669321542678
        ],
        [
            -0.01945352205825799,
            -0.007504669321542678
        ],
        [
            -0.01945352205825799,
            -0.007504669321542678
        ],
        [
            -0.01945352205825799,
            -0.007504669321542678
        ],
        [
            -0.01945352205825799,
            -0.007504669321542678
        ],
        [
            -0.01945352205825799,
            -0.007504669321542678
        ],
        [
            -0.01945352205825799,
            -0.007504669321542678
        ],
        [
            -0.01945352205825799,
            -0.007504669321542678
        ],
        [
            -0.01945352205825799,
            -0.007504669321542678
        ],
        [
            -0.01945352205825799,
            -0.007504669321542678
        ],
        [
            -0.01945352205825799,
            -0.007504669321542678
        ],
        [
            -0.01945352205825799,
            -0.007504669321542678
        ],
        [
            -0.01945352205825799,
            -0.007504669321542678
        ],
        [
            -0.01945352205825799,
            -0.007504669321542678
        ],
        [
            -0.01945352205825799,
            -0.007504669321542678
        ],
        [
            -0.01945352205825799,
            -0.007504669321542678
        ]
    ]
}