{
    "mse": 1.1703371948005428,
    "max_dev": 2.152827964730949,
    "smoothness": 3.7833859150218028,
    "num_episodes": 5,
    "mean_trajectory": [
        [
            -0.2739529694792715,
            -0.5409913204679754
        ],
        [
            -0.4776347120940169,
            -0.40524033027633094
        ],
        [
            -0.12650784777238658,
            -0.5420695479238702
        ],
        [
            0.2663378236716468,
            -0.31800087899868
        ],
        [
            0.540896962174853,
            0.16500110402951124
        ],
        [
            0.6219397796682855,
            0.1344385131433455
        ],
        [
            0.6414861177582765,
            0.18838913612798933
        ],
        [
            0.8589746695100985,
            -0.3283538374113732
        ],
        [
            0.8738452984788282,
            -0.32208017839393505
        ],
        [
            0.775693476992732,
            -0.39447769504088226
        ],
        [
            0.8311856587732189,
            0.039223992834968156
        ],
        [
            1.1032969923226084,
            0.1858397448924734
        ],
        [
            0.5521456201640811,
            0.1306936129258247
        ],
        [
            0.39252974929832957,
            0.2919988037538019
        ],
        [
            0.44519965791663585,
            0.37160108567514955
        ],
        [
            0.2739595448411348,
            0.18685464602143612
        ],
        [
            0.7677023018169671,
            0.0292895981562765
        ],
        [
            0.7429526044144705,
            -0.08530705358760997
        ],
        [
            0.7630061903054483,
            -0.5407568455836895
        ],
        [
            0.8062962391791061,
            -0.32301826242322706
        ],
        [
            1.0424490739182164,
            -0.22926133156122788
        ],
        [
            1.3564403554067432,
            -0.3498402067383692
        ],
        [
            1.2369750724891067,
            -0.042962597165491626
        ],
        [
            0.9696992440858747,
            -0.0768750333110118
        ],
        [
            0.5918606257656396,
            -0.21279808663435312
        ],
        [
            0.655037897174654,
            -0.036326626318164565
        ],
        [
            0.8177155103049663,
            -0.4567927667928431
        ],
        [
            0.9388462684205454,
            -0.8832417072748576
        ],
        [
            1.1561042658872585,
            -0.9870346815171039
        ],
        [
            1.396899944258125,
            -1.000193856018974
        ],
        [
            1.3100399987510767,
            -1.033352170480828
        ],
        [
            1.25555465349534,
            -0.7580813742479122
        ],
        [
            1.5628931405806128,
            -0.594675383280862
        ],
        [
            1.8149325174335806,
            -0.6930883698634686
        ],
        [
            2.095331252124697,
            -0.49422180202531607
        ]
    ]
}