{
    "mse": 0.3458840534207491,
    "max_dev": 1.233872913166183,
    "smoothness": 2.4056319286797425,
    "num_episodes": 5,
    "mean_trajectory": [
        [
            0.31547782298644644,
            -0.21606031351241933
        ],
        [
            0.6096183245335134,
            -0.36513115745099933
        ],
        [
            0.5104743178854622,
            -0.025329283856068675
        ],
        [
            0.6685029936345923,
            -0.22207026676246114
        ],
        [
            0.784299077511678,
            -0.06308832242556743
        ],
        [
            0.7704361247785656,
            0.0637786528813955
        ],
        [
            0.5020903549319671,
            0.010586090260003633
        ],
        [
            0.35445548562991236,
            0.1100961567511182
        ],
        [
            0.1481430413075679,
            -0.16407339305611016
        ],
        [
            -0.01648739434001083,
            -0.17736149117084477
        ],
        [
            -0.07492663136221545,
            0.029452779647461548
        ],
        [
            -0.32740127399453434,
            0.4806793805498584
        ],
        [
            0.16290924977351523,
            0.4656521303817739
        ],
        [
            0.00783703245956575,
            0.39697744158989245
        ],
        [
            0.18152677100098277,
            0.31227632642435177
        ],
        [
            0.15161392055532472,
            0.49663244653966776
        ],
        [
            0.20585677382771478,
            0.1531241083500013
        ],
        [
            0.35334237794509976,
            0.43023357419823804
        ],
        [
            0.26830732900041776,
            0.41180994059845233
        ],
        [
            0.37992727777063945,
            0.30024084445122845
        ],
        [
            0.294681770571966,
            0.16560647358868316
        ],
        [
            0.3450832249264007,
            0.23806533087506718
        ],
        [
            0.3538568602766807,
            0.2594164812101262
        ],
        [
            0.6459295586857247,
            0.21087795444445118
        ],
        [
            0.8403671497256131,
            0.3782870878026869
        ],
        [
            0.6708238117218007,
            0.13888494604245846
        ],
        [
            0.5009310445231904,
            0.2995341127954362
        ],
        [
            0.7221091173505041,
            -0.016412594373601052
        ],
        [
            0.6721130038899809,
            0.14409093744116036
        ],
        [
            0.5430131016240438,
            0.4623883307487489
        ],
        [
            0.9254018279354085,
            0.8161334588772888
        ]
    ]
}