{
    "mse": 1.3835362136829965,
    "max_dev": 2.467745826332365,
    "smoothness": 9.622527714718972,
    "num_episodes": 5,
    "mean_trajectory": [
        [
            0.6309556459728929,
            -0.43212062702483867
        ],
        [
            1.2192366490670268,
            -0.7302623149019987
        ],
        [
            1.0209486357709243,
            -0.05065856771213735
        ],
        [
            1.3370059872691846,
            -0.4441405335249223
        ],
        [
            1.568598155023356,
            -0.12617664485113486
        ],
        [
            1.5408722495571312,
            0.127557305762791
        ],
        [
            1.0041807098639342,
            0.021172180520007265
        ],
        [
            0.7089109712598247,
            0.2201923135022364
        ],
        [
            0.2962860826151358,
            -0.3281467861122203
        ],
        [
            -0.03297478868002166,
            -0.35472298234168953
        ],
        [
            -0.1498532627244309,
            0.058905559294923096
        ],
        [
            -0.6548025479890687,
            0.9613587610997169
        ],
        [
            0.32581849954703046,
            0.9313042607635478
        ],
        [
            0.0156740649191315,
            0.7939548831797849
        ],
        [
            0.36305354200196555,
            0.6245526528487035
        ],
        [
            0.30322784111064943,
            0.9932648930793355
        ],
        [
            0.41171354765542956,
            0.3062482167000026
        ],
        [
            0.7066847558901995,
            0.8604671483964761
        ],
        [
            0.5366146580008355,
            0.8236198811969047
        ],
        [
            0.7598545555412789,
            0.6004816889024569
        ],
        [
            0.589363541143932,
            0.3312129471773663
        ],
        [
            0.6901664498528014,
            0.47613066175013435
        ],
        [
            0.7077137205533613,
            0.5188329624202525
        ],
        [
            1.2918591173714493,
            0.42175590888890235
        ],
        [
            1.6807342994512262,
            0.7565741756053738
        ],
        [
            1.3416476234436014,
            0.2777698920849169
        ],
        [
            1.001862089046382,
            0.599068225590873
        ],
        [
            1.444218234701009,
            -0.032825188747202104
        ],
        [
            1.344226007779961,
            0.28818187488231783
        ],
        [
            1.0860262032480867,
            0.9247766614975006
        ],
        [
            1.8508036558708156,
            1.6322669177545777
        ]
    ]
}