{
    "mse": 16.006227678881928,
    "max_dev": 14.514603182401105,
    "smoothness": 59.955611209074966,
    "num_episodes": 5,
    "mean_trajectory": [
        [
            0.0,
            -2.2204460492503132e-17
        ],
        [
            0.014866843244343777,
            -0.00014935688112277523
        ],
        [
            0.0029964703068882464,
            0.018011684287379842
        ],
        [
            0.042939811828736296,
            0.022673281975676092
        ],
        [
            0.022182645383475898,
            0.0024956467504698822
        ],
        [
            -0.024499627990284552,
            0.034113578252102546
        ],
        [
            0.0054381397530109095,
            -0.010316244805058617
        ],
        [
            0.01872804347131174,
            -0.0012301939405978096
        ],
        [
            -0.0006061149720970549,
            0.024157099331324653
        ],
        [
            0.004665202721011771,
            -0.018526791970596503
        ],
        [
            0.004565989844944352,
            0.017566196159378655
        ],
        [
            -0.03462230696951231,
            -0.01843581192433134
        ],
        [
            -0.010023092257350147,
            0.0012210985438923711
        ],
        [
            0.008281737748528395,
            -0.027690128695219758
        ],
        [
            -0.029357418464995476,
            -0.010217633815797794
        ],
        [
            0.01895830085921566,
            -0.01546928152443652
        ],
        [
            -0.00986935006251809,
            0.0014524890440469507
        ],
        [
            -0.00010359750570956491,
            0.006978439180622337
        ],
        [
            -0.0029755685344044157,
            -0.011328524950509549
        ],
        [
            -0.016810512958201414,
            -0.0007808963528486562
        ],
        [
            0.010220222709622256,
            0.023499607680086753
        ],
        [
            0.01333187950301209,
            -0.0014962855107214068
        ],
        [
            -1.4047622678076224,
            -4.732298914626616
        ],
        [
            -1.8290897326583107,
            -6.796874588623484
        ],
        [
            -4.404505568331842,
            -10.590801385721724
        ],
        [
            -6.488518651514991,
            -12.983560037659561
        ]
    ]
}