{
    "mse": 16.007674434595536,
    "max_dev": 14.565884815248433,
    "smoothness": 59.88983178642645,
    "num_episodes": 5,
    "mean_trajectory": [
        [
            0.0,
            -4.4408920985006264e-17
        ],
        [
            0.029733686488687554,
            -0.00029871376224555046
        ],
        [
            0.005992940613776493,
            0.036023368574759684
        ],
        [
            0.08587962365747259,
            0.045346563951352184
        ],
        [
            0.044365290766951795,
            0.0049912935009397644
        ],
        [
            -0.048999255980569104,
            0.06822715650420509
        ],
        [
            0.010876279506021819,
            -0.020632489610117235
        ],
        [
            0.03745608694262348,
            -0.002460387881195619
        ],
        [
            -0.0012122299441941098,
            0.048314198662649306
        ],
        [
            0.009330405442023543,
            -0.037053583941193007
        ],
        [
            0.009131979689888704,
            0.03513239231875731
        ],
        [
            -0.06924461393902462,
            -0.03687162384866268
        ],
        [
            -0.020046184514700294,
            0.0024421970877847423
        ],
        [
            0.01656347549705679,
            -0.055380257390439516
        ],
        [
            -0.05871483692999095,
            -0.02043526763159559
        ],
        [
            0.03791660171843132,
            -0.03093856304887304
        ],
        [
            -0.01973870012503618,
            0.0029049780880939014
        ],
        [
            -0.00020719501141912983,
            0.013956878361244674
        ],
        [
            -0.0059511370688088315,
            -0.022657049901019098
        ],
        [
            -0.03362102591640283,
            -0.0015617927056973124
        ],
        [
            0.020440445419244512,
            0.046999215360173506
        ],
        [
            0.026663759006023822,
            -0.0029925710214385504
        ],
        [
            -1.3995244974682741,
            -4.684597905547179
        ],
        [
            -1.8481794271696486,
            -6.793749177246966
        ],
        [
            -4.3980110565550445,
            -10.543602931660734
        ],
        [
            -6.496037299215286,
            -13.037120075319114
        ]
    ]
}