{
    "mse": 6.405566566280314,
    "max_dev": 3.9426202995807627,
    "smoothness": 11.800103072236467,
    "num_episodes": 5,
    "mean_trajectory": [
        [
            -0.21958989363781695,
            0.17783223684381255
        ],
        [
            0.04362513762734359,
            0.22271396896708212
        ],
        [
            -0.046399880934490836,
            0.33818203888293963
        ],
        [
            -0.13190605426068275,
            0.547325581948462
        ],
        [
            -0.6260271628137044,
            0.6883486459270557
        ],
        [
            0.3375121737807191,
            0.6049415222651078
        ],
        [
            0.2127608871730004,
            0.41629762334079035
        ],
        [
            0.42709531179458227,
            0.2467655702619936
        ],
        [
            0.22961258799364898,
            0.29450556420355267
        ],
        [
            0.15330329354155126,
            0.011445713858438466
        ],
        [
            0.9632344959146227,
            0.2898903118817998
        ],
        [
            1.1624029852084923,
            0.8527715623376025
        ],
        [
            0.8704420250196485,
            0.7901721695765218
        ],
        [
            1.164734531226936,
            1.1597842027130127
        ],
        [
            0.7556683261473204,
            1.4913813407554812
        ],
        [
            0.5190454072731682,
            1.4807186379614337
        ],
        [
            -2.0601406861121028,
            1.5214934938781766
        ],
        [
            -1.9531493619631888,
            1.675597652706267
        ],
        [
            -1.9965119993519778,
            1.7954105827604394
        ],
        [
            -1.947727285548924,
            2.0074552404958013
        ],
        [
            -1.6519844900152887,
            2.433910145362458
        ],
        [
            -1.5417929192512094,
            2.792018751997198
        ],
        [
            -1.5756670024597301,
            2.9538533903865245
        ],
        [
            -1.5748648403731873,
            2.711341679932116
        ],
        [
            -1.660536452604284,
            2.8838193020345044
        ],
        [
            -1.8378745404685692,
            2.784391310246588
        ],
        [
            -2.007143925664847,
            2.7199205939185953
        ],
        [
            -1.9051000087796908,
            2.381745035538476
        ],
        [
            -2.3216546092409973,
            2.268958406961219
        ],
        [
            -2.141076672565071,
            2.7517075225387013
        ],
        [
            -2.420597060564206,
            3.0356536220612544
        ],
        [
            -2.0830400279129644,
            3.204648059024499
        ],
        [
            -1.9121340585527427,
            3.4478976447668686
        ],
        [
            -1.9947377074698072,
            3.326115867864394
        ],
        [
            -2.2980120194769613,
            3.157637917720454
        ]
    ]
}