{
    "mse": 1.2846690394016307,
    "max_dev": 1.6326387017058241,
    "smoothness": 6.9315468241334735,
    "num_episodes": 5,
    "mean_trajectory": [
        [
            -0.12108261120142227,
            0.0
        ],
        [
            -0.12108261120142316,
            0.0
        ],
        [
            -0.04155614835140753,
            0.0
        ],
        [
            -0.04155614835140753,
            0.0
        ],
        [
            -0.04155614835140753,
            0.0
        ],
        [
            0.9766737339963214,
            0.0
        ],
        [
            0.9766737339963214,
            0.0
        ],
        [
            0.9766737339963214,
            0.0
        ],
        [
            0.9766737339963214,
            0.0
        ],
        [
            0.9766737339963214,
            0.0
        ],
        [
            1.5688157621316678,
            0.0
        ],
        [
            1.568815762131667,
            0.0
        ],
        [
            1.550963823154253,
            0.0
        ],
        [
            1.6326387017058241,
            0.0
        ],
        [
            1.0733318660866455,
            0.0
        ],
        [
            1.0733318660866455,
            0.0
        ],
        [
            -1.2109589378978036,
            0.0
        ],
        [
            -1.2109589378978036,
            0.0
        ],
        [
            -1.2109589378978,
            0.0
        ],
        [
            -1.2109589378978,
            0.0
        ],
        [
            -1.2109589378978,
            0.0
        ],
        [
            -1.2109589378978,
            0.0
        ],
        [
            -1.2109589378978,
            0.0
        ],
        [
            -1.2109589378978,
            0.0
        ],
        [
            -1.2109589378978,
            0.0
        ],
        [
            -1.2109589378978,
            0.0
        ],
        [
            -1.2109589378978,
            0.0
        ],
        [
            -1.2109589378978,
            0.0
        ],
        [
            -1.2109589378978,
            0.0
        ],
        [
            -1.2109589378978,
            0.0
        ],
        [
            -1.2109589378978,
            0.0
        ],
        [
            -1.2109589378978,
            0.0
        ],
        [
            -1.2109589378978,
            0.0
        ],
        [
            -1.2109589378978,
            0.0
        ],
        [
            -1.2109589378978,
            0.0
        ]
    ]
}