{
    "mse": 20.735218063504075,
    "max_dev": 7.374373026996035,
    "smoothness": 23.71918930339301,
    "num_episodes": 5,
    "mean_trajectory": [
        [
            -0.3180971760742116,
            0.35566447368760806
        ],
        [
            0.20833288645610928,
            0.4454279379341301
        ],
        [
            -0.05124361351757516,
            0.6763640777658679
        ],
        [
            -0.22225596016995794,
            1.0946511638969014
        ],
        [
            -1.2104981772760008,
            1.3766972918540887
        ],
        [
            -0.3016493864348796,
            1.2098830445301814
        ],
        [
            -0.5511519596503177,
            0.8325952466815465
        ],
        [
            -0.1224831104071626,
            0.49353114052397584
        ],
        [
            -0.5174485580090284,
            0.589011128407094
        ],
        [
            -0.6700671469132231,
            0.022891427716842827
        ],
        [
            0.3576532296975735,
            0.5797806237635654
        ],
        [
            0.7559902082853107,
            1.7055431246751482
        ],
        [
            0.18992022688503649,
            1.580344339152998
        ],
        [
            0.6968303607480412,
            2.31956840542598
        ],
        [
            0.4380047862079877,
            2.982762681510917
        ],
        [
            -0.0352410515403168,
            2.9614372759228105
        ],
        [
            -2.9093224343264077,
            3.0429869877562736
        ],
        [
            -2.6953397860285797,
            3.351195305412489
        ],
        [
            -2.782065060806157,
            3.5908211655208673
        ],
        [
            -2.6844956332000494,
            4.014910480991591
        ],
        [
            -2.093010042132779,
            4.867820290724905
        ],
        [
            -1.872626900604621,
            5.584037503994384
        ],
        [
            -1.9403750670216617,
            5.907706780773038
        ],
        [
            -1.938770742848576,
            5.422683359864221
        ],
        [
            -2.11011396731077,
            5.767638604068997
        ],
        [
            -2.464790143039339,
            5.568782620493165
        ],
        [
            -2.803328913431895,
            5.43984118783718
        ],
        [
            -2.5992410796615824,
            4.763490071076941
        ],
        [
            -3.4323502805841954,
            4.537916813922426
        ],
        [
            -3.0711944072323427,
            5.503415045077391
        ],
        [
            -3.630235183230613,
            6.071307244122497
        ],
        [
            -2.95512111792813,
            6.409296118048987
        ],
        [
            -2.613309179207686,
            6.895795289533726
        ],
        [
            -2.7785164770418147,
            6.652231735728776
        ],
        [
            -3.385065101056123,
            6.315275835440897
        ]
    ]
}