{
    "mse": 843.4739815484913,
    "max_dev": 40.34848440619182,
    "smoothness": 1781.5431253479148,
    "num_episodes": 5,
    "mean_trajectory": [
        [
            1.4210854715202005e-15,
            0.0
        ],
        [
            -6.248175901844415,
            -17.77448616823033
        ],
        [
            -5.00106617173053,
            -18.44496999357662
        ],
        [
            -3.5065005929138033,
            -19.35386275612786
        ],
        [
            -2.5254254106959904,
            -18.92269759712452
        ],
        [
            -1.7224311245729136,
            -20.17716006136383
        ],
        [
            -1.3935648354705095,
            -22.07115327635958
        ],
        [
            -2.5947289161916105,
            -22.85914081038522
        ],
        [
            -4.877209986746704,
            -24.826532913636832
        ],
        [
            -7.058868583109873,
            -24.931759694799503
        ],
        [
            -9.447578228846726,
            -25.25932212217292
        ],
        [
            -10.068436603830696,
            -27.041518021034097
        ],
        [
            -11.109253254568136,
            -29.180071735209538
        ],
        [
            -13.316002679058613,
            -30.738381332286668
        ],
        [
            -15.633478639797811,
            -32.35530057021178
        ],
        [
            -16.86213701606719,
            -32.777522086110494
        ],
        [
            -17.520302457229793,
            -33.55367914104564
        ],
        [
            -17.236020423787902,
            -35.1349376034954
        ],
        [
            -15.75121296267893,
            -35.64349572705987
        ],
        [
            -13.883292784778604,
            -36.73576429193211
        ],
        [
            -12.340511639300843,
            -37.219415121904284
        ],
        [
            -10.661010066285366,
            -37.841637800459566
        ],
        [
            -9.078187689447299,
            -37.48307327327875
        ],
        [
            -8.622914459906236,
            -39.41631058450099
        ],
        [
            -0.9035085014812572,
            -3.775996620879577
        ],
        [
            -0.9179684024244452,
            -3.937976623818785
        ],
        [
            -0.1284676428036408,
            -0.347305529506501
        ]
    ]
}