{
    "mse": 843.8315261896252,
    "max_dev": 40.29392499575498,
    "smoothness": 1781.5122473879837,
    "num_episodes": 5,
    "mean_trajectory": [
        [
            0.0,
            0.0
        ],
        [
            -6.340000152587891,
            -17.830000305175787
        ],
        [
            -5.079999923706055,
            -18.530000305175776
        ],
        [
            -3.484000015258786,
            -19.33300003051758
        ],
        [
            -2.5479999542236325,
            -18.953000030517586
        ],
        [
            -1.708400039672851,
            -20.15329969787598
        ],
        [
            -1.434800014495849,
            -22.10530061340333
        ],
        [
            -2.550839927673337,
            -22.855329359436013
        ],
        [
            -4.833480154037474,
            -24.840530366516106
        ],
        [
            -7.06508384017944,
            -24.9355329359436
        ],
        [
            -9.433348015403752,
            -25.24405364700317
        ],
        [
            -10.056508384017931,
            -26.96355298841854
        ],
        [
            -11.113334496364587,
            -29.14440658540343
        ],
        [
            -13.305650838401789,
            -30.69635529884181
        ],
        [
            -15.581333144460672,
            -32.40444004818875
        ],
        [
            -16.880565083840196,
            -32.739636750587295
        ],
        [
            -17.57813300927029,
            -33.580443394467295
        ],
        [
            -17.20805620320823,
            -35.063963064707195
        ],
        [
            -15.757813300927026,
            -35.68804311874362
        ],
        [
            -13.990805315145039,
            -36.81639691682227
        ],
        [
            -12.32578133009271,
            -37.26880431187436
        ],
        [
            -10.639080684102396,
            -37.81163847097906
        ],
        [
            -9.022578285597163,
            -37.57688043118742
        ],
        [
            -8.57390791582235,
            -39.37116323674634
        ],
        [
            -0.9022578285597165,
            -3.7576880431187405
        ],
        [
            -0.857390791582235,
            -3.9371163236746343
        ],
        [
            -0.0902257828559716,
            -0.37576880431187387
        ]
    ]
}