{
    "mse": 843.6517499534484,
    "max_dev": 40.32120016491354,
    "smoothness": 1781.4762951328512,
    "num_episodes": 5,
    "mean_trajectory": [
        [
            0.0,
            0.0
        ],
        [
            -6.294088027216152,
            -17.80224323670305
        ],
        [
            -5.040533047718292,
            -18.487485149376205
        ],
        [
            -3.4952503040862952,
            -19.34343139332272
        ],
        [
            -2.5367126824598114,
            -18.937848813821045
        ],
        [
            -1.7154155821228827,
            -20.165229879619897
        ],
        [
            -1.41418242498318,
            -22.08822694488145
        ],
        [
            -2.572784421932475,
            -22.857235084910627
        ],
        [
            -4.8553450703920875,
            -24.833531640076473
        ],
        [
            -7.061976211644657,
            -24.93364631537156
        ],
        [
            -9.440463122125234,
            -25.251687884588044
        ],
        [
            -10.062472493924314,
            -27.002535504726346
        ],
        [
            -11.111293875466362,
            -29.162239160306466
        ],
        [
            -13.310826758730206,
            -30.71736831556426
        ],
        [
            -15.607405892129236,
            -32.379870309200285
        ],
        [
            -16.87135104995368,
            -32.758579418348894
        ],
        [
            -17.549217733250043,
            -33.56706126775649
        ],
        [
            -17.222038313498068,
            -35.0994503341013
        ],
        [
            -15.75451313180298,
            -35.66576942290173
        ],
        [
            -13.93704904996182,
            -36.77608060437719
        ],
        [
            -12.333146484696773,
            -37.24410971688932
        ],
        [
            -10.650045375193875,
            -37.826638135719314
        ],
        [
            -9.05038298752223,
            -37.5299768522331
        ],
        [
            -8.59841118786429,
            -39.39373691062367
        ],
        [
            -0.9028831650204865,
            -3.7668423319991575
        ],
        [
            -0.8876795970033399,
            -3.9375464737467096
        ],
        [
            -0.10934671282980615,
            -0.361537166909187
        ]
    ]
}