{
    "mse": 599.7581681521443,
    "max_dev": 33.54784569638456,
    "smoothness": 1206.404610101721,
    "num_episodes": 5,
    "mean_trajectory": [
        [
            0.0,
            0.0
        ],
        [
            2.629997634339131,
            -15.050398684547565
        ],
        [
            2.979215296213603,
            -16.132095488984685
        ],
        [
            4.002395701626506,
            -18.37214921123036
        ],
        [
            4.997881956985505,
            -19.171706069374153
        ],
        [
            6.276058760425128,
            -19.105153801287138
        ],
        [
            7.015667351444255,
            -20.12805731466125
        ],
        [
            6.222586334465793,
            -21.859830064576045
        ],
        [
            5.07608906336913,
            -23.337590808575214
        ],
        [
            3.6745760474355267,
            -24.687133841906864
        ],
        [
            2.1933730369832207,
            -25.12376634203944
        ],
        [
            0.8350031705936735,
            -25.118501175516194
        ],
        [
            -0.20949023930450164,
            -25.17069926391942
        ],
        [
            -0.6228637125672981,
            -26.32381180121458
        ],
        [
            -0.1459777492749815,
            -27.10277457675182
        ],
        [
            0.9578236876394861,
            -28.204735184874504
        ],
        [
            2.0697061026942327,
            -28.60267592414575
        ],
        [
            3.114432886203713,
            -29.475858505491907
        ],
        [
            4.5188893471954925,
            -29.073536764624908
        ],
        [
            5.500267035877435,
            -29.057642583002064
        ],
        [
            6.426090681864386,
            -28.985730903683237
        ],
        [
            7.1643560782171445,
            -29.598122587352428
        ],
        [
            7.36980857275397,
            -30.155505807725625
        ],
        [
            7.505933534939703,
            -30.993761170638756
        ],
        [
            7.787718461333034,
            -31.8050058826989
        ],
        [
            8.234051421325551,
            -32.52165967565916
        ],
        [
            0.7346601112466657,
            -3.1420548834506463
        ],
        [
            0.8831578189739082,
            -3.2344983684308444
        ],
        [
            0.041243640630169456,
            -0.24159852761468117
        ]
    ]
}