{
    "mse": 600.1336239469588,
    "max_dev": 33.59734572963785,
    "smoothness": 1205.5912812823267,
    "num_episodes": 5,
    "mean_trajectory": [
        [
            0.0,
            0.0
        ],
        [
            2.6200000762939446,
            -15.06999969482419
        ],
        [
            2.999999999999993,
            -16.18999938964845
        ],
        [
            3.952000160217281,
            -18.256999969482422
        ],
        [
            4.9700000762939425,
            -19.179000549316413
        ],
        [
            6.345200016021721,
            -19.055700302124023
        ],
        [
            7.027000312805171,
            -20.157899444580067
        ],
        [
            6.214519925308224,
            -21.835570335388184
        ],
        [
            5.052700031280516,
            -23.385789639282223
        ],
        [
            3.6914520688247663,
            -24.643557643890375
        ],
        [
            2.205270003128051,
            -25.07857835357666
        ],
        [
            0.869145206882477,
            -25.114355764389046
        ],
        [
            -0.23947299015045154,
            -25.177857530181882
        ],
        [
            -0.6730854697750092,
            -26.27143618679048
        ],
        [
            -0.1439473037834169,
            -27.157785142666626
        ],
        [
            0.8526914339490119,
            -28.247144839382145
        ],
        [
            2.105605345915606,
            -28.625779124618248
        ],
        [
            3.1952691815418746,
            -29.44471570464134
        ],
        [
            4.510560534591562,
            -29.13257913316494
        ],
        [
            5.479526765566291,
            -29.084470960112583
        ],
        [
            6.4110559008712755,
            -28.943256692613375
        ],
        [
            7.137952829144524,
            -29.558447096011264
        ],
        [
            7.40110543749924,
            -30.15432627961286
        ],
        [
            7.493795588090222,
            -31.035843488898024
        ],
        [
            7.880110696337809,
            -31.895431407258172
        ],
        [
            8.309379406221131,
            -32.5535843488898
        ],
        [
            0.7880110696337805,
            -3.1895431407258172
        ],
        [
            0.8309379406221131,
            -3.25535843488898
        ],
        [
            0.07880110696337805,
            -0.31895431407258146
        ]
    ]
}