{
    "mse": 599.944856288943,
    "max_dev": 33.572579914270875,
    "smoothness": 1205.9410298422702,
    "num_episodes": 5,
    "mean_trajectory": [
        [
            -7.105427357601002e-16,
            1.1368683772161604e-14
        ],
        [
            2.6249988553165373,
            -15.060199189685886
        ],
        [
            2.9896076481068006,
            -16.161047439316565
        ],
        [
            3.977197930921892,
            -18.314574590356393
        ],
        [
            4.983941016639723,
            -19.17535330934528
        ],
        [
            6.31062938822343,
            -19.08042705170559
        ],
        [
            7.021333832124713,
            -20.142978379620665
        ],
        [
            6.2185531298870105,
            -21.847700199982114
        ],
        [
            5.064394547324823,
            -23.361690223928726
        ],
        [
            3.683014058130148,
            -24.66534574289862
        ],
        [
            2.199321520055636,
            -25.101172347808046
        ],
        [
            0.8520741887380752,
            -25.1164284699526
        ],
        [
            -0.22448161472747669,
            -25.17427839705065
        ],
        [
            -0.6479745911711536,
            -26.297623994002528
        ],
        [
            -0.1449625265291994,
            -27.13027985970922
        ],
        [
            0.9052575607942493,
            -28.22594001212834
        ],
        [
            2.0876557243049176,
            -28.614227524382
        ],
        [
            3.1548510338727924,
            -29.46028710506663
        ],
        [
            4.514724940893527,
            -29.10305794889491
        ],
        [
            5.4898969007218685,
            -29.071056771557323
        ],
        [
            6.418573291367826,
            -28.964493798148293
        ],
        [
            7.151154453680829,
            -29.578284841681842
        ],
        [
            7.3854570051266055,
            -30.154916043669267
        ],
        [
            7.499864561514966,
            -31.01480232976836
        ],
        [
            7.833914578835421,
            -31.850218644978508
        ],
        [
            8.271715413773341,
            -32.537622012274475
        ],
        [
            0.7613355904402231,
            -3.165799012088228
        ],
        [
            0.8570478797980108,
            -3.2449284016599123
        ],
        [
            0.060022373796773776,
            -0.2802764208436311
        ]
    ]
}