{
    "mse": 9.252669877601727,
    "max_dev": 12.364118274745444,
    "smoothness": 41.7543886749544,
    "num_episodes": 5,
    "mean_trajectory": [
        [
            4.4408920985006264e-17,
            -1.3877787807814458e-18
        ],
        [
            -0.033228187888816194,
            -0.05780038365667328
        ],
        [
            0.010050249093985966,
            0.09311205234132411
        ],
        [
            -0.008147805713007817,
            -0.008966265083776145
        ],
        [
            -0.00049237685980697,
            0.008641065728233723
        ],
        [
            -0.005830413935405304,
            -0.02056659282132105
        ],
        [
            -0.0033202310619029896,
            0.047459396865358563
        ],
        [
            0.053703896095182405,
            -0.0008911039798875975
        ],
        [
            -0.020260484709545536,
            -0.02785772671278668
        ],
        [
            -0.01753663562317708,
            0.022599711746909404
        ],
        [
            0.007546229652482815,
            -0.019721208125710755
        ],
        [
            -0.002541561509059387,
            -0.00931555576097622
        ],
        [
            0.04313136520313456,
            -0.013972174859563324
        ],
        [
            0.09972020386867451,
            -0.028702827123029594
        ],
        [
            -0.014873190075921961,
            0.033067545046666175
        ],
        [
            0.008654879722222961,
            0.023913950675432692
        ],
        [
            -0.037146019053483983,
            0.06600611183743026
        ],
        [
            0.05574518527440579,
            -0.025133389899261692
        ],
        [
            -0.06637211449122045,
            0.06049650511997884
        ],
        [
            0.01921287926714499,
            0.08997119249597405
        ],
        [
            -0.009453325329472356,
            0.0002875847830067224
        ],
        [
            -0.05204168767094208,
            0.0475524995125146
        ],
        [
            -0.10304558396766081,
            0.032642291196434206
        ],
        [
            0.017688119603752002,
            -0.04368319419296528
        ],
        [
            0.007939327873558732,
            0.08585771330111294
        ],
        [
            0.0028094971736603138,
            0.023760291905194564
        ],
        [
            -0.03312405866873043,
            0.03415842797158959
        ],
        [
            1.2010312238443397,
            -2.602277631544088
        ],
        [
            1.130846279290892,
            -6.182317215134003
        ],
        [
            2.707305302396793,
            -8.87840343097245
        ],
        [
            2.482188976106871,
            -12.112396897343967
        ]
    ]
}