{
    "mse": 9.198515053031894,
    "max_dev": 12.30306047763112,
    "smoothness": 41.03088715863201,
    "num_episodes": 5,
    "mean_trajectory": [
        [
            2.2204460492503132e-17,
            -6.938893903907229e-19
        ],
        [
            -0.016614093944408097,
            -0.02890019182833664
        ],
        [
            0.005025124546992983,
            0.046556026170662054
        ],
        [
            -0.0040739028565039085,
            -0.0044831325418880725
        ],
        [
            -0.000246188429903485,
            0.004320532864116862
        ],
        [
            -0.002915206967702652,
            -0.010283296410660525
        ],
        [
            -0.0016601155309514948,
            0.023729698432679282
        ],
        [
            0.026851948047591202,
            -0.00044555198994379873
        ],
        [
            -0.010130242354772768,
            -0.01392886335639334
        ],
        [
            -0.00876831781158854,
            0.011299855873454702
        ],
        [
            0.0037731148262414075,
            -0.009860604062855377
        ],
        [
            -0.0012707807545296935,
            -0.00465777788048811
        ],
        [
            0.02156568260156728,
            -0.006986087429781662
        ],
        [
            0.04986010193433726,
            -0.014351413561514797
        ],
        [
            -0.0074365950379609806,
            0.016533772523333087
        ],
        [
            0.0043274398611114805,
            0.011956975337716346
        ],
        [
            -0.018573009526741992,
            0.03300305591871513
        ],
        [
            0.027872592637202896,
            -0.012566694949630846
        ],
        [
            -0.033186057245610225,
            0.03024825255998942
        ],
        [
            0.009606439633572494,
            0.04498559624798702
        ],
        [
            -0.004726662664736178,
            0.0001437923915033612
        ],
        [
            -0.02602084383547104,
            0.0237762497562573
        ],
        [
            -0.051522791983830404,
            0.016321145598217103
        ],
        [
            0.008844059801876001,
            -0.02184159709648264
        ],
        [
            0.003969663936779366,
            0.04292885665055647
        ],
        [
            0.0014047485868301569,
            0.011880145952597282
        ],
        [
            -0.016562029334365746,
            0.01707921398579444
        ],
        [
            1.2255156119221695,
            -2.6161387776250704
        ],
        [
            1.1354231205719594,
            -6.176158645713974
        ],
        [
            2.7011526893453697,
            -8.870701711671524
        ],
        [
            2.5080945242930595,
            -12.044698376192741
        ]
    ]
}