{
    "mse": 9.938521897136404,
    "max_dev": 4.468878088058295,
    "smoothness": 10.24796654044533,
    "num_episodes": 5,
    "mean_trajectory": [
        [
            -0.7073446992425995,
            0.045611176913544396
        ],
        [
            -1.202753345541281,
            -0.03419671677300662
        ],
        [
            -1.1754112962988699,
            0.4135880656853631
        ],
        [
            -1.172573323021894,
            0.5322495330329358
        ],
        [
            -2.0876289228871734,
            0.3750507717876843
        ],
        [
            -2.0812277263574197,
            0.846417736563029
        ],
        [
            -1.684917664427982,
            0.8149259696663804
        ],
        [
            -1.5074573558369952,
            0.524967255477873
        ],
        [
            -1.6400254818186233,
            0.9410143693491386
        ],
        [
            -2.2048585439509605,
            0.7866505970131353
        ],
        [
            -2.514194322559443,
            0.961888427275353
        ],
        [
            -1.8404290052080037,
            1.463046914895034
        ],
        [
            -2.3854713175241016,
            1.1585398047900497
        ],
        [
            -2.041840646705424,
            1.4714267217956105
        ],
        [
            -1.9596020369302465,
            1.8564145973796062
        ],
        [
            -2.0135925582547265,
            2.0190912722954026
        ],
        [
            -1.9393494362108594,
            2.5754197888373938
        ],
        [
            -1.9638238684762719,
            3.2733648698743023
        ],
        [
            -2.3155052948105865,
            2.360221998927362
        ],
        [
            -1.7898132074285265,
            2.6619601165053246
        ],
        [
            -1.5122558554248886,
            3.1915703105807625
        ],
        [
            -1.4932931434281962,
            2.986861196797302
        ],
        [
            -1.6936916554351034,
            2.9587718671421888
        ],
        [
            -1.8639749035291568,
            3.437801397339238
        ],
        [
            -2.551928901666032,
            3.4075388577860948
        ],
        [
            -2.338316591370716,
            2.9107677464083688
        ],
        [
            -2.778167383075248,
            2.9665946260248477
        ],
        [
            -2.955920211299413,
            2.801771204224076
        ],
        [
            -3.478912709156345,
            2.596259870619714
        ],
        [
            -3.5771795575548024,
            2.678555166305072
        ],
        [
            -3.6147570711782477,
            2.6169471919499414
        ],
        [
            -3.2638754264549106,
            1.8935323080862176
        ],
        [
            -3.2094810715306847,
            1.2815337661167974
        ],
        [
            -2.9439637503874763,
            1.116757787686882
        ],
        [
            -3.4096002720583924,
            1.6146163094724784
        ],
        [
            -3.198935040160902,
            2.2860984820122043
        ]
    ]
}