{
    "mse": 2.484630474284101,
    "max_dev": 2.2344390440291475,
    "smoothness": 2.561991635111332,
    "num_episodes": 5,
    "mean_trajectory": [
        [
            -0.35367234962129973,
            0.022805588456772198
        ],
        [
            -0.6013766727706406,
            -0.01709835838650331
        ],
        [
            -0.5877056481494349,
            0.20679403284268155
        ],
        [
            -0.586286661510947,
            0.2661247665164679
        ],
        [
            -1.0438144614435867,
            0.18752538589384216
        ],
        [
            -1.0406138631787099,
            0.4232088682815145
        ],
        [
            -0.842458832213991,
            0.4074629848331902
        ],
        [
            -0.7537286779184976,
            0.2624836277389365
        ],
        [
            -0.8200127409093116,
            0.4705071846745693
        ],
        [
            -1.1024292719754802,
            0.39332529850656767
        ],
        [
            -1.2570971612797215,
            0.4809442136376765
        ],
        [
            -0.9202145026040018,
            0.731523457447517
        ],
        [
            -1.1927356587620508,
            0.5792699023950248
        ],
        [
            -1.020920323352712,
            0.7357133608978053
        ],
        [
            -0.9798010184651232,
            0.9282072986898031
        ],
        [
            -1.0067962791273632,
            1.0095456361477013
        ],
        [
            -0.9696747181054297,
            1.2877098944186969
        ],
        [
            -0.9819119342381359,
            1.6366824349371512
        ],
        [
            -1.1577526474052933,
            1.180110999463681
        ],
        [
            -0.8949066037142632,
            1.3309800582526623
        ],
        [
            -0.7561279277124443,
            1.5957851552903812
        ],
        [
            -0.7466465717140981,
            1.493430598398651
        ],
        [
            -0.8468458277175517,
            1.4793859335710944
        ],
        [
            -0.9319874517645784,
            1.718900698669619
        ],
        [
            -1.275964450833016,
            1.7037694288930474
        ],
        [
            -1.169158295685358,
            1.4553838732041844
        ],
        [
            -1.389083691537624,
            1.4832973130124238
        ],
        [
            -1.4779601056497065,
            1.400885602112038
        ],
        [
            -1.7394563545781725,
            1.298129935309857
        ],
        [
            -1.7885897787774012,
            1.339277583152536
        ],
        [
            -1.8073785355891239,
            1.3084735959749694
        ],
        [
            -1.6319377132274553,
            0.9467661540431038
        ],
        [
            -1.6047405357653421,
            0.6407668830583958
        ],
        [
            -1.4719818751937381,
            0.5583788938434395
        ],
        [
            -1.7048001360291962,
            0.8073081547362392
        ],
        [
            -1.5994675200804507,
            1.1430492410060993
        ]
    ]
}