{
    "mse": 14.499300847135471,
    "max_dev": 9.506830655415268,
    "smoothness": 46.44262455413174,
    "num_episodes": 5,
    "mean_trajectory": [
        [
            0.0,
            0.0
        ],
        [
            0.0,
            0.0
        ],
        [
            0.20096154452174986,
            -1.2063771937142747
        ],
        [
            0.202245902763726,
            -2.103023000336819
        ],
        [
            0.202245902763726,
            -2.103023000336819
        ],
        [
            1.1331316066709292,
            -2.1030230003368047
        ],
        [
            1.1331316066709292,
            -2.1030230003368047
        ],
        [
            1.1331316066709292,
            -2.1030230003368047
        ],
        [
            1.4270245919066156,
            -2.1030230003368047
        ],
        [
            1.4270245919066156,
            -2.1030230003368047
        ],
        [
            1.4270245919066156,
            -2.1030230003368047
        ],
        [
            1.700721641365778,
            -2.1030230003368047
        ],
        [
            1.700721641365778,
            -2.1030230003368047
        ],
        [
            1.700721641365778,
            -2.1030230003368047
        ],
        [
            1.700721641365778,
            -2.1030230003368047
        ],
        [
            2.727614686328046,
            -2.1030230003368047
        ],
        [
            2.983114237091911,
            -2.1030230003368047
        ],
        [
            2.983114237091911,
            -2.1030230003368047
        ],
        [
            2.983114237091911,
            -2.1030230003368615
        ],
        [
            3.8567386733268982,
            -2.1030230003368615
        ],
        [
            4.117673244683386,
            -2.1030230003368615
        ],
        [
            4.117673244683386,
            -2.1030230003368615
        ],
        [
            2.2219923556734145,
            -2.1030230003368615
        ],
        [
            2.2219923556734145,
            -2.1030230003368615
        ],
        [
            2.4431804807938473,
            -2.1807496735991663
        ],
        [
            3.0214483876164664,
            -2.1807496735991663
        ],
        [
            3.0214483876164664,
            -2.1807496735991663
        ],
        [
            3.0214483876164664,
            -2.1807496735991663
        ],
        [
            4.189483289059854,
            -8.117058604793556
        ],
        [
            4.949059377001895,
            -8.117058604793556
        ]
    ]
}