{
    "mse": 14.70771278960069,
    "max_dev": 9.315475115579162,
    "smoothness": 46.744389220395085,
    "num_episodes": 5,
    "mean_trajectory": [
        [
            -0.23597247918302103,
            -0.3461624083788118
        ],
        [
            0.258297835641882,
            -0.31204852179773895
        ],
        [
            0.6764591045452153,
            -1.059158071864188
        ],
        [
            0.7465919150700003,
            -1.8703530787772906
        ],
        [
            0.42387826276052687,
            -1.9321667848709467
        ],
        [
            1.1047502268912581,
            -1.754060882110565
        ],
        [
            0.8655439660867174,
            -2.030979305858085
        ],
        [
            0.5959154132415037,
            -2.2928008670726854
        ],
        [
            0.6624274635088397,
            -2.607396418623375
        ],
        [
            0.6551686041714959,
            -2.863461439136745
        ],
        [
            0.8071177640590435,
            -2.4545727679329277
        ],
        [
            1.523384231683518,
            -2.3399716484695885
        ],
        [
            1.4222409531850864,
            -2.510483293636901
        ],
        [
            1.9113376795421424,
            -2.337259640607499
        ],
        [
            1.9201369749101176,
            -2.1786868958582772
        ],
        [
            2.951737036511632,
            -2.2734414749454688
        ],
        [
            3.0896379566457997,
            -2.344287831946292
        ],
        [
            3.5996869495616295,
            -2.116593337885149
        ],
        [
            3.1983965572506263,
            -2.393874203977589
        ],
        [
            3.9841030362866734,
            -2.3125431444359266
        ],
        [
            4.312741113308826,
            -1.9591339296764771
        ],
        [
            4.282914533137509,
            -1.865480678329868
        ],
        [
            2.0783864302157355,
            -1.9771061838654531
        ],
        [
            2.1865027129337387,
            -1.979214658554747
        ],
        [
            2.192553966227453,
            -2.339431069702596
        ],
        [
            2.799058659368394,
            -2.381722134954225
        ],
        [
            2.719670705966543,
            -2.4249781742414824
        ],
        [
            2.49322846496365,
            -2.4473812924763934
        ],
        [
            3.461437487446814,
            -8.221132829322164
        ],
        [
            4.341269334412173,
            -8.242054185399843
        ]
    ]
}