{
    "mse": 15.387168740644409,
    "max_dev": 9.162226225611931,
    "smoothness": 53.172048709263734,
    "num_episodes": 5,
    "mean_trajectory": [
        [
            -0.47194495836604206,
            -0.6923248167576236
        ],
        [
            0.5165956712837636,
            -0.6240970435954779
        ],
        [
            1.1519566645686807,
            -0.9119389500141025
        ],
        [
            1.2909379273762744,
            -1.637683157217765
        ],
        [
            0.6455106227573277,
            -1.7613105694050746
        ],
        [
            1.0763688471115878,
            -1.4050987638843366
        ],
        [
            0.5979563255025099,
            -1.958935611379377
        ],
        [
            0.05869921981208108,
            -2.4825787338085545
        ],
        [
            -0.1021696648889332,
            -3.1117698369099345
        ],
        [
            -0.11668738356362382,
            -3.6238998779366964
        ],
        [
            0.1872109362114685,
            -2.80612253552905
        ],
        [
            1.3460468220012545,
            -2.5769202966023728
        ],
        [
            1.1437602650043928,
            -2.9179435869369854
        ],
        [
            2.1219537177185046,
            -2.5714962808781934
        ],
        [
            2.139552308454456,
            -2.25435079137975
        ],
        [
            3.175859386695213,
            -2.4438599495541213
        ],
        [
            3.1961616761996794,
            -2.585552663555757
        ],
        [
            4.216259662031343,
            -2.130163675433471
        ],
        [
            3.413678877409339,
            -2.6847254076183615
        ],
        [
            4.111467399246447,
            -2.5220632885350596
        ],
        [
            4.507808981934264,
            -1.8152448590161612
        ],
        [
            4.448155821591631,
            -1.6279383563229657
        ],
        [
            1.9347805047580526,
            -1.851189367394113
        ],
        [
            2.1510130701940584,
            -1.8554063167726553
        ],
        [
            1.9419274516610545,
            -2.4981124658060936
        ],
        [
            2.5766689311203193,
            -2.582694596309352
        ],
        [
            2.4178930243166192,
            -2.6692066748838896
        ],
        [
            1.9650085423108323,
            -2.7140129113537115
        ],
        [
            2.7333916858337703,
            -8.325207053850841
        ],
        [
            3.7334792918224493,
            -8.367049766006176
        ]
    ]
}