{
    "mse": 33.19160887717116,
    "max_dev": 9.581740900201545,
    "smoothness": 18.291590746271666,
    "num_episodes": 5,
    "mean_trajectory": [
        [
            0.25247499736168777,
            0.0
        ],
        [
            0.25247499736168777,
            0.0
        ],
        [
            0.2551889930319149,
            0.0
        ],
        [
            0.2551889930319149,
            0.0
        ],
        [
            0.46977292515051516,
            0.0
        ],
        [
            0.46977292515052227,
            0.0
        ],
        [
            1.4904910294825342,
            0.0
        ],
        [
            1.4904910294825342,
            0.0
        ],
        [
            1.6304828641401414,
            0.0
        ],
        [
            1.6304828641401414,
            0.0
        ],
        [
            1.789150998238446,
            0.0
        ],
        [
            1.5764372491386247,
            0.0
        ],
        [
            1.5764372491386247,
            0.0
        ],
        [
            1.5595054958643912,
            0.0
        ],
        [
            1.559505495864391,
            0.0
        ],
        [
            4.068885521259173,
            0.0
        ],
        [
            5.586623938365388,
            0.0
        ],
        [
            5.586623938365392,
            0.0
        ],
        [
            5.586623938365392,
            -0.6787406400702594
        ],
        [
            5.586623938365392,
            -0.6787406400702594
        ],
        [
            7.861587626383091,
            -0.6787406400702594
        ],
        [
            9.557670732040947,
            -0.6787406400702594
        ],
        [
            9.557670732040947,
            -0.6787406400702594
        ],
        [
            9.557670732040947,
            -0.6787406400702594
        ],
        [
            9.557670732040947,
            -0.6787406400702594
        ],
        [
            9.557670732040947,
            -0.6787406400702594
        ],
        [
            9.557670732040947,
            -0.6787406400702594
        ],
        [
            9.557670732040947,
            -0.6787406400702594
        ],
        [
            9.557670732040947,
            -0.6787406400702594
        ]
    ]
}