{
    "mse": 57.83593397095957,
    "max_dev": 12.82297424260852,
    "smoothness": 31.885716777241687,
    "num_episodes": 5,
    "mean_trajectory": [
        [
            0.2659933125154964,
            -0.9015406281282765
        ],
        [
            0.23215755293525647,
            -0.8084678838976004
        ],
        [
            0.4584806054011395,
            -1.1089248654255015
        ],
        [
            0.6657198515935349,
            -0.8618742545007934
        ],
        [
            1.599078872207285,
            -1.4530608438829915
        ],
        [
            2.099543854399846,
            -1.4424883119841296
        ],
        [
            2.8118357282186026,
            -1.216123571468978
        ],
        [
            3.278395767488175,
            -1.5816184555597488
        ],
        [
            3.4663485164792887,
            -1.8085123336355593
        ],
        [
            4.178426223074866,
            -2.0726798576846703
        ],
        [
            4.100943242841727,
            -1.8001433557951088
        ],
        [
            3.0823470863638986,
            -1.9344673056505997
        ],
        [
            3.512416227036007,
            -1.7585697430062965
        ],
        [
            3.263501135379213,
            -1.2377735424023968
        ],
        [
            2.673875771449185,
            -0.3220740697143583
        ],
        [
            5.089182412815921,
            -0.6977343684623065
        ],
        [
            6.737266240527518,
            -0.44497790843080337
        ],
        [
            7.073767295144272,
            -2.1096641761244657
        ],
        [
            7.630478371088527,
            -3.3136263425787775
        ],
        [
            7.86669843417844,
            -3.700813105334737
        ],
        [
            10.028718816823709,
            -3.9428508638814606
        ],
        [
            11.930602640692644,
            -4.6999350055611675
        ],
        [
            11.244788523157307,
            -4.610167190617108
        ],
        [
            10.420754824334665,
            -5.03895442254875
        ],
        [
            11.110874431715292,
            -4.61051171268407
        ],
        [
            10.583808244154605,
            -4.88825339294954
        ],
        [
            10.555968735267466,
            -4.525974745606876
        ],
        [
            11.248591218928903,
            -4.4950381893147435
        ],
        [
            10.880993794996614,
            -4.78306070430814
        ]
    ]
}