{
    "mse": 43.23637386356406,
    "max_dev": 11.075604320332138,
    "smoothness": 21.887617063099878,
    "num_episodes": 5,
    "mean_trajectory": [
        [
            0.2592341549385921,
            -0.4507703140641411
        ],
        [
            0.24231627514847248,
            -0.404233941948803
        ],
        [
            0.3568347992165286,
            -0.5544624327127508
        ],
        [
            0.4604544223127277,
            -0.43093712725040517
        ],
        [
            1.034425898678903,
            -0.72653042194151
        ],
        [
            1.2846583897751855,
            -0.7212441559920819
        ],
        [
            2.1511633788505704,
            -0.6080617857345146
        ],
        [
            2.384443398485355,
            -0.7908092277799028
        ],
        [
            2.548415690309716,
            -0.904256166817811
        ],
        [
            2.9044545436075047,
            -1.036339928842358
        ],
        [
            2.9450471205400874,
            -0.90007167789758
        ],
        [
            2.329392167751263,
            -0.9672336528253197
        ],
        [
            2.5444267380873167,
            -0.8792848715031596
        ],
        [
            2.4115033156218035,
            -0.6188867712012154
        ],
        [
            2.1166906336567894,
            -0.1610370348572019
        ],
        [
            4.579033967037546,
            -0.348867184231176
        ],
        [
            6.161945089446449,
            -0.2224889542154301
        ],
        [
            6.330195616754821,
            -1.0548320880622555
        ],
        [
            6.608551154726949,
            -1.9961834913245524
        ],
        [
            6.726661186271903,
            -2.189776872702532
        ],
        [
            8.94515322160339,
            -2.3107957519758884
        ],
        [
            10.744136686366783,
            -2.689337822815742
        ],
        [
            10.401229627599113,
            -2.6444539153437177
        ],
        [
            9.989212778187788,
            -2.8588475313095274
        ],
        [
            10.334272581878102,
            -2.644626176377187
        ],
        [
            10.07073948809776,
            -2.7834970165099224
        ],
        [
            10.05681973365419,
            -2.6023576928385905
        ],
        [
            10.403130975484908,
            -2.586889414692524
        ],
        [
            10.219332263518766,
            -2.7309006721892226
        ]
    ]
}