{
    "mse": 1278.3905206318807,
    "max_dev": 58.2098408906972,
    "smoothness": 434.2677245339473,
    "num_episodes": 5,
    "mean_trajectory": [
        [
            -1.4735799864023278,
            0.0
        ],
        [
            -4.338275776613855,
            -4.890623987003153
        ],
        [
            -9.36173349776577,
            -10.268175969141623
        ],
        [
            -15.786291053225767,
            -10.90812464795789
        ],
        [
            -15.786291053225767,
            -10.90812464795789
        ],
        [
            -18.749156197152786,
            -10.90812464795789
        ],
        [
            -18.749156197152786,
            -10.908124647957948
        ],
        [
            -18.749156197152786,
            -10.908124647957948
        ],
        [
            -18.749156197152786,
            -10.908124647957948
        ],
        [
            -18.749156197152786,
            -10.908124647957948
        ],
        [
            -18.749156197152786,
            -10.908124647957948
        ],
        [
            -18.749156197152786,
            -10.908124647957948
        ],
        [
            -19.62954817789027,
            -10.908124647957948
        ],
        [
            -19.62954817789027,
            -10.908124647957948
        ],
        [
            -23.462915290097058,
            -10.908124647957948
        ],
        [
            -23.462915290097058,
            -10.908124647957948
        ],
        [
            -23.462915290097058,
            -10.908124647957948
        ],
        [
            -23.462915290097058,
            -10.908124647957948
        ],
        [
            -23.462915290097058,
            -10.908124647957948
        ],
        [
            -24.315189903516377,
            -10.908124647957948
        ],
        [
            -24.659620521293025,
            -10.908124647957948
        ],
        [
            -24.808008978975522,
            -11.564827781931285
        ],
        [
            -24.519449844595812,
            -11.564827781931285
        ],
        [
            -23.14119272649097,
            -11.564827781931285
        ],
        [
            -21.478713552584416,
            -13.152103739542099
        ],
        [
            -20.253920221520275,
            -13.152103739542099
        ],
        [
            -20.253920221520275,
            -20.123892595504117
        ],
        [
            -20.253920221520275,
            -27.738005219415186
        ],
        [
            -18.55792879596243,
            -27.738005219415186
        ],
        [
            -18.55792879596243,
            -27.738005219415186
        ],
        [
            -18.55792879596243,
            -27.738005219415186
        ],
        [
            -17.787069020606754,
            -27.738005219415186
        ],
        [
            -16.307214262393234,
            -33.34617383035584
        ],
        [
            -16.183042884503553,
            -33.34617383035584
        ],
        [
            -16.183042884503553,
            -37.89494560877142
        ],
        [
            -16.593565265396244,
            -37.89494560877142
        ],
        [
            -16.593565265396244,
            -37.89494560877142
        ],
        [
            -16.593565265396244,
            -37.89494560877142
        ],
        [
            -16.593565265396244,
            -37.89494560877142
        ],
        [
            -16.593565265396244,
            -37.89494560877142
        ],
        [
            -16.593565265396244,
            -37.89494560877142
        ],
        [
            -16.593565265396244,
            -37.89494560877142
        ],
        [
            -16.593565265396244,
            -37.89494560877142
        ],
        [
            -16.593565265396244,
            -37.89494560877142
        ],
        [
            -16.504473739143577,
            -37.89494560877142
        ],
        [
            -16.504473739143577,
            -44.662816640339
        ],
        [
            -16.504473739143577,
            -44.662816640339
        ],
        [
            -16.504473739143577,
            -49.38900915877383
        ],
        [
            -16.504473739143577,
            -49.38900915877383
        ],
        [
            -16.420738990886502,
            -49.38900915877383
        ],
        [
            -16.420738990886502,
            -49.38900915877383
        ],
        [
            -16.420738990886502,
            -55.6343054334082
        ],
        [
            -16.86696553662967,
            -55.6343054334082
        ],
        [
            -17.12336519094687,
            -55.6343054334082
        ],
        [
            -17.12336519094687,
            -55.6343054334082
        ]
    ]
}