{
    "mse": 1308.3897134255292,
    "max_dev": 59.10389444583811,
    "smoothness": 433.181385636149,
    "num_episodes": 5,
    "mean_trajectory": [
        [
            -0.6914864656980569,
            0.32950252144079284
        ],
        [
            -3.319617164179283,
            -4.880464841856053
        ],
        [
            -8.43155665871922,
            -10.162339476028796
        ],
        [
            -14.35142791893362,
            -10.55480318680236
        ],
        [
            -14.707151641075068,
            -9.95378461917494
        ],
        [
            -18.315941785411617,
            -9.617667984148033
        ],
        [
            -18.0129045285353,
            -9.796057230505426
        ],
        [
            -17.631728226266187,
            -9.148975499861603
        ],
        [
            -17.726125448977704,
            -9.055081089391388
        ],
        [
            -17.64311733096111,
            -9.644950368686228
        ],
        [
            -18.63565639432008,
            -9.283288303304563
        ],
        [
            -18.27119644156236,
            -9.113640907009131
        ],
        [
            -19.69444808012284,
            -8.752014534743058
        ],
        [
            -19.786090826181603,
            -9.25712064283805
        ],
        [
            -23.46704907840168,
            -9.872091538082259
        ],
        [
            -24.128536755067902,
            -9.02238652003291
        ],
        [
            -23.690532713450033,
            -8.927464027426277
        ],
        [
            -23.618488512263962,
            -9.318075024610698
        ],
        [
            -22.860647779362765,
            -9.416581577830744
        ],
        [
            -23.55654809667904,
            -9.566862476688062
        ],
        [
            -23.942894448945125,
            -9.171457033652336
        ],
        [
            -24.800099387473374,
            -9.535445390504492
        ],
        [
            -24.507078590946954,
            -10.059137097448161
        ],
        [
            -23.476331759400797,
            -9.339517161761819
        ],
        [
            -22.18618533681371,
            -11.27893430518086
        ],
        [
            -21.532971454394477,
            -12.255533218287429
        ],
        [
            -21.317709223038143,
            -18.903321339908825
        ],
        [
            -21.66543808327147,
            -26.297708346147623
        ],
        [
            -20.306537862658722,
            -26.805008567132745
        ],
        [
            -20.17082293808736,
            -26.6435649316257
        ],
        [
            -19.850701387973224,
            -25.862378671557074
        ],
        [
            -19.501551946782673,
            -26.31997847607097
        ],
        [
            -18.585015131835203,
            -31.957413121862167
        ],
        [
            -18.981380949816995,
            -32.204485919925034
        ],
        [
            -19.48546987241956,
            -36.934941217784015
        ],
        [
            -20.44415620020495,
            -36.92445846986216
        ],
        [
            -20.59456047248154,
            -37.46090622632467
        ],
        [
            -21.408529117601013,
            -38.0215340816337
        ],
        [
            -21.44411162364276,
            -37.859791683716644
        ],
        [
            -21.961988685138696,
            -37.99835018275127
        ],
        [
            -21.569083981145706,
            -37.70571778093066
        ],
        [
            -21.15642865272154,
            -37.69214344573968
        ],
        [
            -21.123487837757843,
            -38.103264027349326
        ],
        [
            -21.295415431053797,
            -38.22304474331189
        ],
        [
            -21.662380820954574,
            -37.99752101455848
        ],
        [
            -22.08990371788234,
            -44.44083314385639
        ],
        [
            -22.02650340630888,
            -44.655935477929724
        ],
        [
            -21.02432556156608,
            -48.776743080954624
        ],
        [
            -21.065420431922703,
            -48.06784567309093
        ],
        [
            -20.811343931439477,
            -48.138454826560334
        ],
        [
            -21.259892928056296,
            -48.12368273788054
        ],
        [
            -21.488905324271023,
            -54.61489393287923
        ],
        [
            -22.14631188553885,
            -53.89938772756477
        ],
        [
            -22.192069829630604,
            -54.334163109761235
        ],
        [
            -22.190642897953598,
            -54.7799754147469
        ]
    ]
}