{
    "mse": 1290.6118700399434,
    "max_dev": 58.602270961178235,
    "smoothness": 428.87500090466494,
    "num_episodes": 5,
    "mean_trajectory": [
        [
            -1.082533226050191,
            0.1647512607204021
        ],
        [
            -3.8289464703965677,
            -4.885544414429603
        ],
        [
            -8.896645078242504,
            -10.215257722585216
        ],
        [
            -15.068859486079692,
            -10.73146391738013
        ],
        [
            -15.246721347150412,
            -10.43095463356642
        ],
        [
            -18.532548991282198,
            -10.262896316052956
        ],
        [
            -18.38103036284404,
            -10.35209093923164
        ],
        [
            -18.190442211709485,
            -10.028550073909788
        ],
        [
            -18.23764082306525,
            -9.98160286867469
        ],
        [
            -18.196136764056952,
            -10.276537508322122
        ],
        [
            -18.692406295736436,
            -10.0957064756313
        ],
        [
            -18.510176319357573,
            -10.010882777483584
        ],
        [
            -19.661998129006555,
            -9.830069591350547
        ],
        [
            -19.70781950203594,
            -10.082622645398056
        ],
        [
            -23.46498218424937,
            -10.390108093020126
        ],
        [
            -23.79572602258248,
            -9.965255583995463
        ],
        [
            -23.576724001773545,
            -9.917794337692134
        ],
        [
            -23.540701901180505,
            -10.113099836284345
        ],
        [
            -23.161781534729904,
            -10.162353112894333
        ],
        [
            -23.935869000097703,
            -10.237493562322992
        ],
        [
            -24.30125748511907,
            -10.039790840805107
        ],
        [
            -24.804054183224444,
            -10.550136586217855
        ],
        [
            -24.513264217771383,
            -10.8119824396897
        ],
        [
            -23.308762242945882,
            -10.452172471846552
        ],
        [
            -21.83244944469906,
            -12.215519022361468
        ],
        [
            -20.893445837957373,
            -12.70381847891474
        ],
        [
            -20.785814722279206,
            -19.51360696770646
        ],
        [
            -20.95967915239587,
            -27.017856782781383
        ],
        [
            -19.432233329310574,
            -27.27150689327393
        ],
        [
            -19.364375867024894,
            -27.19078507552042
        ],
        [
            -19.20431509196782,
            -26.80019194548611
        ],
        [
            -18.64431048369471,
            -27.02899184774308
        ],
        [
            -17.44611469711422,
            -32.65179347610899
        ],
        [
            -17.582211917160272,
            -32.775329875140436
        ],
        [
            -17.834256378461554,
            -37.414943413277754
        ],
        [
            -18.518860732800597,
            -37.40970203931679
        ],
        [
            -18.594062868938888,
            -37.677925917548045
        ],
        [
            -19.00104719149862,
            -37.958239845202556
        ],
        [
            -19.018838444519496,
            -37.87736864624403
        ],
        [
            -19.277776975267464,
            -37.946647895761345
        ],
        [
            -19.081324623270973,
            -37.80033169485104
        ],
        [
            -18.874996959058887,
            -37.79354452725555
        ],
        [
            -18.85852655157704,
            -37.999104818060374
        ],
        [
            -18.944490348225017,
            -38.058995176041655
        ],
        [
            -19.083427280049072,
            -37.946233311664955
        ],
        [
            -19.297188728512957,
            -44.551824892097706
        ],
        [
            -19.265488572726223,
            -44.659376059134374
        ],
        [
            -18.764399650354825,
            -49.08287611986423
        ],
        [
            -18.784947085533137,
            -48.728427415932394
        ],
        [
            -18.616041461162986,
            -48.76373199266709
        ],
        [
            -18.840315959471397,
            -48.756345948327194
        ],
        [
            -18.954822157578757,
            -55.12459968314372
        ],
        [
            -19.506638711084253,
            -54.7668465804865
        ],
        [
            -19.65771751028873,
            -54.984234271584754
        ],
        [
            -19.65700404445023,
            -55.20714042407758
        ]
    ]
}