{
    "mse": 16.833671147380873,
    "max_dev": 5.495314671453722,
    "smoothness": 13.519120151248746,
    "num_episodes": 5,
    "mean_trajectory": [
        [
            -0.44161832046346206,
            0.14960082280215375
        ],
        [
            -0.2673124695774149,
            -1.429052489153071
        ],
        [
            -0.7371583937701359,
            -2.2488182429106245
        ],
        [
            -0.4742904518230091,
            -2.9165556652512463
        ],
        [
            -0.7846245226947005,
            -3.074543605767326
        ],
        [
            0.0918530006533004,
            -3.817885873307921
        ],
        [
            -0.32626386622548226,
            -3.6881658907205974
        ],
        [
            -0.8382684490992155,
            -3.8278021662675767
        ],
        [
            -0.27964994606524785,
            -4.115056459635173
        ],
        [
            0.039505628637254375,
            -4.1094685255186505
        ],
        [
            0.3650893857384158,
            -3.673450764768347
        ],
        [
            0.2930428803892244,
            -4.908277380943753
        ],
        [
            0.14804557789441136,
            -5.344617936126179
        ],
        [
            0.07750862343500202,
            -5.267159952783572
        ],
        [
            0.29499719088444215,
            -5.432148825854108
        ],
        [
            0.65874655696147,
            -5.455688436117475
        ],
        [
            0.7123007884450473,
            -4.970067651785416
        ],
        [
            0.9817695560667673,
            -5.364419007816264
        ],
        [
            1.0335424315442765,
            -4.521959417887319
        ],
        [
            0.7769032320013679,
            -4.322896204980407
        ],
        [
            1.3804099365132587,
            -4.621197968753518
        ],
        [
            1.636678264777545,
            -3.8820046722220694
        ],
        [
            1.705931621482479,
            -3.4291464640850564
        ],
        [
            1.2724434415793353,
            -3.055876166753683
        ],
        [
            1.429746419725242,
            -1.973444690354118
        ],
        [
            1.790822441805408,
            -2.8144283428721897
        ]
    ]
}