{
    "mse": 4.724910351036824,
    "max_dev": 2.897522605029422,
    "smoothness": 3.3285208887402877,
    "num_episodes": 5,
    "mean_trajectory": [
        [
            -0.19382125101455755,
            0.058615142445671606
        ],
        [
            -0.0943093404508332,
            -0.712051515323924
        ],
        [
            -0.3124023653780398,
            -1.131867669589667
        ],
        [
            -0.16216503964643608,
            -1.4750378773376382
        ],
        [
            -0.30201834781046133,
            -1.583357808140363
        ],
        [
            0.1535888927844667,
            -1.9688993352258535
        ],
        [
            -0.04222423403899853,
            -1.9066529047216592
        ],
        [
            -0.2853897124628325,
            -1.9886191893514025
        ],
        [
            -0.006080460945848997,
            -2.1481933121343446
        ],
        [
            0.13737734359964832,
            -2.152421054297349
        ],
        [
            0.2549515477036522,
            -1.9523793242198848
        ],
        [
            0.21892829502905645,
            -2.5775180709466667
        ],
        [
            0.14206927515151105,
            -2.800525025610932
        ],
        [
            0.09604765301698989,
            -2.763162317671913
        ],
        [
            0.1828827320151376,
            -2.851741770440924
        ],
        [
            0.356693893666472,
            -2.8754837354569647
        ],
        [
            0.3834710094082595,
            -2.642133102403136
        ],
        [
            0.5085653061007932,
            -2.8484217387489936
        ],
        [
            0.5286116064248262,
            -2.438838765659443
        ],
        [
            0.37727244482177014,
            -2.3437154904393536
        ],
        [
            0.6699948710243376,
            -2.505028547231814
        ],
        [
            0.7712954847587141,
            -2.168116821931676
        ],
        [
            0.7863985360610798,
            -1.9521217720470532
        ],
        [
            0.5490902903255105,
            -1.7819151821140622
        ],
        [
            0.6277417793984638,
            -1.24069944391428
        ],
        [
            0.8082797904385467,
            -1.6611912701733158
        ]
    ]
}