{
    "mse": 0.0012896193983432242,
    "max_dev": 0.07010307453488036,
    "smoothness": 0.0033120339225105183,
    "num_episodes": 5,
    "mean_trajectory": [
        [
            0.0,
            0.0
        ],
        [
            0.0,
            0.0
        ],
        [
            0.017817071358460623,
            0.0
        ],
        [
            0.017817071358462045,
            -0.0006118793832911251
        ],
        [
            0.018190956048088937,
            -0.0006118793832911251
        ],
        [
            0.03377982255713334,
            -0.0006118793832911251
        ],
        [
            0.034536157811214704,
            -0.0006118793832911251
        ],
        [
            0.049002574524740085,
            -0.0006118793832911251
        ],
        [
            0.07010040415620508,
            -0.0006118793832911251
        ],
        [
            0.057488849212691484,
            -0.0006118793832911251
        ],
        [
            0.03431026235806502,
            -0.0006118793832911251
        ],
        [
            0.03431026235806502,
            -0.0006118793832911251
        ],
        [
            0.03431026235806502,
            -0.0006118793832911251
        ],
        [
            0.025106601173414587,
            -0.0006118793832911251
        ],
        [
            0.01707246877636237,
            -0.0006118793832911251
        ],
        [
            -0.006302429625845462,
            -0.0006118793832911251
        ],
        [
            -0.02303809778840673,
            -0.004241218813649539
        ],
        [
            -0.02303809778840673,
            -0.004241218813649539
        ],
        [
            -0.023212507035819386,
            -0.004241218813649539
        ],
        [
            -0.042791179624370554,
            -0.00948624008394745
        ],
        [
            -0.042791179624370554,
            -0.00948624008394745
        ],
        [
            -0.042791179624370554,
            -0.00948624008394745
        ],
        [
            -0.042791179624370554,
            -0.00948624008394745
        ],
        [
            -0.042791179624370554,
            -0.009667208831001518
        ],
        [
            -0.042791179624370554,
            -0.009667208831001518
        ],
        [
            -0.042791179624370554,
            -0.009667208831001518
        ]
    ]
}