{
    "mse": 13.040415926811955,
    "max_dev": 6.8592307779380395,
    "smoothness": 15.810012551723219,
    "num_episodes": 5,
    "mean_trajectory": [
        [
            -0.20481162062137326,
            -1.3194112267599467
        ],
        [
            -0.2733797986487171,
            -1.1033828304934403
        ],
        [
            -0.46990258122375056,
            -1.7385160636162653
        ],
        [
            -0.31069144841482144,
            -2.3638010110148633
        ],
        [
            -0.44965051963368463,
            -2.8579366201460656
        ],
        [
            0.033875385830698115,
            -2.8325402260048205
        ],
        [
            0.2671348410835213,
            -2.4353224153177484
        ],
        [
            -0.24406801029119746,
            -1.8629326933072075
        ],
        [
            -0.520381898803482,
            -1.3347115504292748
        ],
        [
            -0.7726092198234495,
            -1.2333592681646395
        ],
        [
            -0.09660679823796556,
            -1.166109615441038
        ],
        [
            0.010938145324841919,
            -1.6537143781704895
        ],
        [
            -0.47032769369986716,
            -1.7197588904157683
        ],
        [
            -0.7095254959906505,
            -2.6878212203738423
        ],
        [
            0.1188555650285732,
            -2.117917810547005
        ],
        [
            0.37225983429168724,
            -1.8385161999947897
        ],
        [
            0.21252818582477903,
            -2.255516074708942
        ],
        [
            -0.23361002831537245,
            -2.631695933373731
        ],
        [
            -0.22065319123678256,
            -2.190577922822732
        ],
        [
            -0.5349944560276768,
            -1.9463526781709817
        ],
        [
            -0.45947663867247146,
            -2.6649803555774696
        ],
        [
            -1.0329393048157312,
            -2.391393669717343
        ],
        [
            -0.42565346039907864,
            -2.227653705452036
        ],
        [
            -0.03897553180219404,
            -2.6004221069073026
        ],
        [
            0.07536482975319814,
            -2.6923422556965706
        ],
        [
            0.13139582156980226,
            -2.2218332777827356
        ],
        [
            -0.40884774518088707,
            -2.648695445155545
        ],
        [
            -0.3269373826144431,
            -3.542331063374644
        ],
        [
            -0.3810902964552326,
            -4.047132924077312
        ],
        [
            0.10780487896837485,
            -4.525195377288912
        ],
        [
            -0.24584737743832646,
            -4.765463045383979
        ],
        [
            0.26869368720728204,
            -5.187905551231165
        ],
        [
            -0.12170211203563745,
            -5.690423705365026
        ],
        [
            0.5481289407792144,
            -6.505926895053972
        ],
        [
            0.5286603018486609,
            -6.128281905156155
        ],
        [
            0.7076958634988249,
            -5.712805101392701
        ],
        [
            -0.015252793332638603,
            -5.523798601710598
        ],
        [
            -0.21470800047072594,
            -5.802258419574889
        ],
        [
            -0.9985301335648948,
            -5.688985301513765
        ],
        [
            -0.541717371169175,
            -6.837805872850299
        ]
    ]
}