{
    "mse": 3.68781118355957,
    "max_dev": 3.710724568013954,
    "smoothness": 4.051256831327217,
    "num_episodes": 5,
    "mean_trajectory": [
        [
            -0.10240581031068663,
            -0.6597056133799734
        ],
        [
            -0.13668989932435854,
            -0.5516914152467202
        ],
        [
            -0.23495129061187528,
            -0.8692580318081327
        ],
        [
            -0.15534572420741072,
            -1.1819005055074316
        ],
        [
            -0.22482525981684232,
            -1.4289683100730328
        ],
        [
            0.016937692915349058,
            -1.4162701130024102
        ],
        [
            0.13356742054176066,
            -1.2176612076588742
        ],
        [
            -0.12203400514559873,
            -0.9314663466536037
        ],
        [
            -0.260190949401741,
            -0.6673557752146374
        ],
        [
            -0.3863046099117248,
            -0.6166796340823197
        ],
        [
            -0.04830339911898278,
            -0.583054807720519
        ],
        [
            0.005469072662420959,
            -0.8268571890852447
        ],
        [
            -0.23516384684993358,
            -0.8598794452078842
        ],
        [
            -0.35476274799532526,
            -1.3439106101869212
        ],
        [
            0.0594277825142866,
            -1.0589589052735024
        ],
        [
            0.18612991714584362,
            -0.9192580999973948
        ],
        [
            0.10626409291238952,
            -1.127758037354471
        ],
        [
            -0.11680501415768622,
            -1.3158479666868654
        ],
        [
            -0.1324374833112536,
            -1.090007458930002
        ],
        [
            -0.30131330292908165,
            -0.9792700486946557
        ],
        [
            -0.28494243104797035,
            -1.3570139820958247
        ],
        [
            -0.5824991677201468,
            -1.2307303529603075
        ],
        [
            -0.28385049541630847,
            -1.1701643812488556
        ],
        [
            -0.0933907659509444,
            -1.372858731470893
        ],
        [
            -0.04590136530752318,
            -1.4241109619862982
        ],
        [
            -0.01788586939922112,
            -1.2066442935626924
        ],
        [
            -0.29126236197575395,
            -1.4494212959589674
        ],
        [
            -0.2688020884895025,
            -1.903680682875438
        ],
        [
            -0.3013574941791518,
            -2.1567650184460945
        ],
        [
            -0.061096435224337144,
            -2.418675322019169
        ],
        [
            -0.2562613634940078,
            -2.5559314289745316
        ],
        [
            -0.008933723459152531,
            -2.7705896291405225
        ],
        [
            -0.2243554281614788,
            -3.0400873012688407
        ],
        [
            0.10972555432154803,
            -3.46142902778447
        ],
        [
            0.1062540501950087,
            -3.2773757219624597
        ],
        [
            0.17396424586378564,
            -3.0826618219404964
        ],
        [
            -0.22364029750477368,
            -3.009120475079783
        ],
        [
            -0.3085748890509873,
            -3.15579335755242
        ],
        [
            -0.6909637620326926,
            -3.0999817377882435
        ],
        [
            -0.4502256715073898,
            -3.6833101504459362
        ]
    ]
}