{
    "mse": 0.0031971736644935437,
    "max_dev": 0.10629084177786038,
    "smoothness": 0.001441751365468109,
    "num_episodes": 5,
    "mean_trajectory": [
        [
            0.0,
            0.0
        ],
        [
            0.0,
            0.0
        ],
        [
            0.0,
            0.0
        ],
        [
            0.0,
            0.0
        ],
        [
            0.0,
            0.0
        ],
        [
            0.0,
            0.0
        ],
        [
            0.0,
            0.0
        ],
        [
            0.0,
            0.0
        ],
        [
            0.0,
            0.0
        ],
        [
            0.0,
            0.0
        ],
        [
            0.0,
            0.0
        ],
        [
            0.0,
            0.0
        ],
        [
            0.0,
            0.0
        ],
        [
            0.0,
            0.0
        ],
        [
            0.0,
            0.0
        ],
        [
            0.0,
            0.0
        ],
        [
            0.0,
            0.0
        ],
        [
            0.0,
            0.0
        ],
        [
            -0.010232304586407536,
            0.0
        ],
        [
            -0.016596837420951617,
            -0.0005820177380428504
        ],
        [
            -0.016596837420951617,
            -0.0005820177380428504
        ],
        [
            -0.027459781294538743,
            -0.0005820177380428504
        ],
        [
            -0.028427121789552246,
            -0.0009442298519900305
        ],
        [
            -0.05187000057227351,
            -0.0009442298519900305
        ],
        [
            -0.05356546152393236,
            -0.0009442298519900305
        ],
        [
            -0.0605348515669192,
            -0.005935085070944979
        ],
        [
            -0.0628544058570398,
            -0.005935085070944979
        ],
        [
            -0.06285440585703839,
            -0.005935085070944979
        ],
        [
            -0.07338671354640099,
            -0.005935085070939294
        ],
        [
            -0.08125163428450151,
            -0.005935085070939294
        ],
        [
            -0.08125163428450151,
            -0.005935085070939294
        ],
        [
            -0.0951236823821489,
            -0.005935085070939294
        ],
        [
            -0.10231271587593724,
            -0.005935085070939294
        ],
        [
            -0.10526247645887939,
            -0.005935085070939294
        ],
        [
            -0.10218855579395178,
            -0.006171320462635776
        ],
        [
            -0.10218855579395178,
            -0.006171320462635776
        ],
        [
            -0.10611153495069989,
            -0.006171320462635776
        ],
        [
            -0.09887143140701724,
            -0.006171320462635776
        ],
        [
            -0.09411843685842954,
            -0.006171320462635776
        ],
        [
            -0.08961042595431082,
            -0.006171320462635776
        ]
    ]
}