{
    "mse": 3180.1298736671,
    "max_dev": 84.45691546652985,
    "smoothness": 8479.768302249495,
    "num_episodes": 5,
    "mean_trajectory": [
        [
            0.0,
            0.0
        ],
        [
            -9.069999694824219,
            -47.74999999999994
        ],
        [
            -10.640000152587888,
            -48.57000122070315
        ],
        [
            -13.466999816894543,
            -53.645001220703136
        ],
        [
            -15.394000320434571,
            -53.93699890136713
        ],
        [
            -16.706700592041017,
            -53.90449951171871
        ],
        [
            -18.40939972686766,
            -54.3936998901367
        ],
        [
            -18.41066944885253,
            -55.720448730468775
        ],
        [
            -18.49093997268676,
            -57.26936876831053
        ],
        [
            -17.431066334533682,
            -58.53204243164055
        ],
        [
            -16.35909460762025,
            -59.34693809753412
        ],
        [
            -15.013106328277587,
            -60.32320546386711
        ],
        [
            -13.205909155586241,
            -61.20469503045649
        ],
        [
            -11.231310938003531,
            -62.33232054638677
        ],
        [
            -10.240590610382839,
            -63.31047194445193
        ],
        [
            -10.11313124638825,
            -64.50323327534181
        ],
        [
            -9.644058755862503,
            -66.01104597374206
        ],
        [
            -8.58131281946305,
            -67.21032088612787
        ],
        [
            -7.304406028174142,
            -68.22110581807726
        ],
        [
            -5.6081312819463065,
            -68.84103330931589
        ],
        [
            -4.020440755405303,
            -68.70210936110459
        ],
        [
            -2.5008130900476573,
            -68.77410577233786
        ],
        [
            -0.9720440564670438,
            -69.76021337751672
        ],
        [
            0.2099186814584897,
            -70.61741301864004
        ],
        [
            0.8727955752798096,
            -71.85602011704862
        ],
        [
            1.5409918490723626,
            -72.88174252256715
        ],
        [
            1.2772795193810076,
            -73.84559957029865
        ],
        [
            1.104099184907236,
            -75.028176693663
        ],
        [
            1.4877279900850695,
            -76.25456117773297
        ],
        [
            2.1604099184907213,
            -77.07281889006936
        ],
        [
            3.078772722714561,
            -77.58545367636702
        ],
        [
            3.536041068143021,
            -78.26727944760069
        ],
        [
            3.6578772722714525,
            -79.04854780904293
        ],
        [
            2.913604144961276,
            -79.58672550335382
        ],
        [
            1.795787746300632,
            -81.89485722231052
        ],
        [
            0.5213604097277571,
            -83.39867499174159
        ],
        [
            -1.1204212253699368,
            -84.44948328082481
        ],
        [
            0.0521360409727758,
            -8.339867499174147
        ],
        [
            -0.11204212253699368,
            -8.444948328082482
        ],
        [
            0.0052136040972775854,
            -0.8339867499174147
        ],
        [
            -0.011204212253699372,
            -0.8444948328082482
        ],
        [
            0.0005213604097277606,
            -0.08339867499174147
        ],
        [
            -0.0011204212253699373,
            -0.08444948328082483
        ],
        [
            5.2136040972776106e-05,
            -0.008339867499174147
        ],
        [
            -0.00011204212253801415,
            -0.008444948328083512
        ],
        [
            1.6400051754571265,
            -3.8208340630438613
        ],
        [
            4.009988643199858,
            -9.150844494832796
        ],
        [
            3.294000441251768,
            -14.162083711480165
        ],
        [
            3.8709989406139336,
            -18.97508505983484
        ],
        [
            3.13940008227215,
            -22.156207760796462
        ],
        [
            1.9270998559144203,
            -24.44750850598348
        ],
        [
            1.3839399891537285,
            -27.63562047090386
        ],
        [
            -0.12729001917692884,
            -30.044750850598348
        ],
        [
            -0.8116060010846269,
            -32.62356265744194
        ],
        [
            -0.6327289828442062,
            -34.70447508505987
        ]
    ]
}