{
    "mse": 3180.3664072164743,
    "max_dev": 84.47133548932938,
    "smoothness": 8474.896235393411,
    "num_episodes": 5,
    "mean_trajectory": [
        [
            0.0,
            2.2737367544323207e-14
        ],
        [
            -9.039723438249698,
            -47.763881453806604
        ],
        [
            -10.63658776723953,
            -48.53357270146385
        ],
        [
            -13.481218009953631,
            -53.642592840423845
        ],
        [
            -15.386105362439242,
            -53.939234687614416
        ],
        [
            -16.723653367386685,
            -53.877818224281484
        ],
        [
            -18.417507339781487,
            -54.39163932009652
        ],
        [
            -18.40944765497084,
            -55.7084893085176
        ],
        [
            -18.506839789636985,
            -57.24210345175597
        ],
        [
            -17.413745631809824,
            -58.55555265935077
        ],
        [
            -16.338790160474595,
            -59.33891831539868
        ],
        [
            -15.063794316827682,
            -60.341766740245724
        ],
        [
            -13.194053058002524,
            -61.21905541321164
        ],
        [
            -11.234681884098705,
            -62.339803392211955
        ],
        [
            -10.249693930955374,
            -63.31777753653057
        ],
        [
            -10.129996882859825,
            -64.50616440345695
        ],
        [
            -9.666301035612236,
            -66.01471570788223
        ],
        [
            -8.582229195604029,
            -67.23096256324473
        ],
        [
            -7.262130636724516,
            -68.19196378989768
        ],
        [
            -5.601019374965003,
            -68.84650983853855
        ],
        [
            -4.040466337236682,
            -68.70705034190075
        ],
        [
            -2.5126399610913532,
            -68.77642518877988
        ],
        [
            -1.005191324980276,
            -69.75672754200468
        ],
        [
            0.19241305916367094,
            -70.64839052336295
        ],
        [
            0.8950245897637554,
            -71.86798663759646
        ],
        [
            1.5059926837579625,
            -72.87936500894793
        ],
        [
            1.2422774831395322,
            -73.8509844332928
        ],
        [
            1.1129917492400534,
            -75.03221366721456
        ],
        [
            1.492516069209404,
            -76.26358864700094
        ],
        [
            2.14045897440254,
            -77.10666730853934
        ],
        [
            3.0707826935050937,
            -77.5653057502254
        ],
        [
            3.5449247780005693,
            -78.26343999122696
        ],
        [
            3.658023765140334,
            -79.07344922774257
        ],
        [
            2.90239490568818,
            -79.59088259043767
        ],
        [
            1.7532666757952295,
            -81.89177024508243
        ],
        [
            0.5163835666161536,
            -83.36383819249488
        ],
        [
            -1.124237178147983,
            -84.46385386730887
        ],
        [
            0.07397986172606467,
            -8.397689585925615
        ],
        [
            -0.12779343160764528,
            -8.452572143109933
        ],
        [
            0.0017555319376286592,
            -0.8281372901985664
        ],
        [
            -0.026292728740601394,
            -0.8162146531257607
        ],
        [
            -0.05416118663377543,
            -0.05568146134765868
        ],
        [
            -0.019450443712977616,
            -0.12669099938912018
        ],
        [
            0.0411113921792577,
            0.005025892934487542
        ],
        [
            0.017293746786570453,
            -0.004156586703125242
        ],
        [
            1.6534777454309448,
            -3.7713470085391436
        ],
        [
            3.9895676291731035,
            -9.119970325217594
        ],
        [
            3.288461460831094,
            -14.146236975680505
        ],
        [
            3.860975059078183,
            -18.985072735490245
        ],
        [
            3.1451002150965106,
            -22.176232782803176
        ],
        [
            1.9218274817149896,
            -24.444941720817603
        ],
        [
            1.4027135996307094,
            -27.682313109118173
        ],
        [
            -0.12364422681313485,
            -30.030422216035458
        ],
        [
            -0.8560353891750317,
            -32.617309317736556
        ],
        [
            -0.6192496375580371,
            -34.709696937589854
        ]
    ]
}