{
    "mse": 3180.6047326798584,
    "max_dev": 84.48575566763674,
    "smoothness": 8470.213831809157,
    "num_episodes": 5,
    "mean_trajectory": [
        [
            0.0,
            0.0
        ],
        [
            -9.009447181675185,
            -47.7777629076132
        ],
        [
            -10.633175381891164,
            -48.49714418222459
        ],
        [
            -13.495436203012725,
            -53.64018446014459
        ],
        [
            -15.378210404443939,
            -53.941470473861635
        ],
        [
            -16.74060614273237,
            -53.85113693684425
        ],
        [
            -18.425614952695327,
            -54.38957875005635
        ],
        [
            -18.408225861089146,
            -55.69652988656651
        ],
        [
            -18.52273960658721,
            -57.214838135201354
        ],
        [
            -17.39642492908597,
            -58.57906288706094
        ],
        [
            -16.318485713328933,
            -59.33089853326321
        ],
        [
            -15.114482305377782,
            -60.360328016624365
        ],
        [
            -13.182196960418802,
            -61.23341579596674
        ],
        [
            -11.23805283019388,
            -62.34728623803719
        ],
        [
            -10.258797251527904,
            -63.32508312860921
        ],
        [
            -10.146862519331403,
            -64.50909553157219
        ],
        [
            -9.688543315361969,
            -66.01838544202243
        ],
        [
            -8.583145571745018,
            -67.25160424036139
        ],
        [
            -7.219855245274888,
            -68.16282176171805
        ],
        [
            -5.593907467983698,
            -68.8519863677612
        ],
        [
            -4.060491919068058,
            -68.71199132269683
        ],
        [
            -2.5244668321350483,
            -68.77874460522185
        ],
        [
            -1.0383385934935072,
            -69.7532417064926
        ],
        [
            0.1749074368688511,
            -70.6793680280859
        ],
        [
            0.917253604247701,
            -71.87995315814437
        ],
        [
            1.470993518443564,
            -72.87698749532873
        ],
        [
            1.2072754468980558,
            -73.85636929628706
        ],
        [
            1.1218843135728715,
            -75.03625064076627
        ],
        [
            1.4973041483337355,
            -76.27261611626898
        ],
        [
            2.120508030314359,
            -77.14051572700923
        ],
        [
            3.0627926642956274,
            -77.5451578240838
        ],
        [
            3.553808487858126,
            -78.25960053485323
        ],
        [
            3.6581702580092106,
            -79.09835064644226
        ],
        [
            2.8911856664150877,
            -79.59503967752153
        ],
        [
            1.710745605289827,
            -81.88868326785432
        ],
        [
            0.5114067235045514,
            -83.32900139324813
        ],
        [
            -1.128053130926029,
            -84.47822445379295
        ],
        [
            0.09582368247935388,
            -8.455511672677076
        ],
        [
            -0.14354474067829687,
            -8.460195958137387
        ],
        [
            -0.001702540222020249,
            -0.8222878304797165
        ],
        [
            -0.0413812452275034,
            -0.7879344734432732
        ],
        [
            -0.10884373367727862,
            -0.027964247703575796
        ],
        [
            -0.03778046620058535,
            -0.16893251549741556
        ],
        [
            0.08217064831754266,
            0.01839165336814925
        ],
        [
            0.03469953569567963,
            0.00013177492183018557
        ],
        [
            1.666950315404769,
            -3.721859954034423
        ],
        [
            3.9691466151463515,
            -9.089096155602386
        ],
        [
            3.282922480410426,
            -14.130390239880853
        ],
        [
            3.850951177542435,
            -18.995060411145666
        ],
        [
            3.1508003479208737,
            -22.196257804809893
        ],
        [
            1.9165551075155574,
            -24.44237493565172
        ],
        [
            1.4214872101076905,
            -27.729005747332508
        ],
        [
            -0.11999843444934051,
            -30.01609358147258
        ],
        [
            -0.9004647772654362,
            -32.611055978031175
        ],
        [
            -0.6057702922718674,
            -34.71491879011991
        ]
    ]
}