{
    "mse": 526.1782633334869,
    "max_dev": 49.51659739729345,
    "smoothness": 305.329342309619,
    "num_episodes": 5,
    "mean_trajectory": [
        [
            0.0,
            0.0
        ],
        [
            0.0,
            0.0
        ],
        [
            0.0,
            0.0
        ],
        [
            0.0,
            0.0
        ],
        [
            0.0,
            0.0
        ],
        [
            0.0,
            0.0
        ],
        [
            0.0,
            0.0
        ],
        [
            0.0,
            0.0
        ],
        [
            0.0,
            0.0
        ],
        [
            0.0,
            0.0
        ],
        [
            0.0,
            0.0
        ],
        [
            0.0,
            0.0
        ],
        [
            0.0,
            0.0
        ],
        [
            0.0,
            0.0
        ],
        [
            0.0,
            0.0
        ],
        [
            -0.17000000476837163,
            -8.61999969482423
        ],
        [
            -0.19999999999999973,
            -17.18000030517578
        ],
        [
            -0.33700000524520846,
            -23.522000579833957
        ],
        [
            -0.9000000190734845,
            -30.068000030517567
        ],
        [
            -1.6937000386714942,
            -35.08219883728026
        ],
        [
            -2.6000000400543186,
            -39.11680061340331
        ],
        [
            -3.5093701564550415,
            -42.678221104431145
        ],
        [
            -5.100000156593325,
            -44.62168067169188
        ],
        [
            -5.930936939351554,
            -47.097820889740035
        ],
        [
            -6.979999710483554,
            -49.02216867752077
        ]
    ]
}