{
    "mse": 525.6850916881217,
    "max_dev": 49.40260229089943,
    "smoothness": 305.0784870208509,
    "num_episodes": 5,
    "mean_trajectory": [
        [
            1.1102230246251566e-17,
            -1.1102230246251566e-17
        ],
        [
            0.04628626077126334,
            0.018265283783149556
        ],
        [
            -0.008952947562203883,
            0.0371696583060128
        ],
        [
            0.028787253244512583,
            -0.015888654709077833
        ],
        [
            0.03321063438091125,
            -0.04456908496075448
        ],
        [
            0.00923586587721123,
            0.01825916838905751
        ],
        [
            0.03834683426232679,
            0.08049339695804666
        ],
        [
            0.01737187712937265,
            0.00035770707709437133
        ],
        [
            -0.03249723198777973,
            0.031422601099032645
        ],
        [
            -0.002384873632776652,
            -0.021224338543358368
        ],
        [
            0.06609402581435993,
            0.011037095876406208
        ],
        [
            -0.02988968534753513,
            -0.009003501997191654
        ],
        [
            0.06051559647874518,
            -0.015299271684354337
        ],
        [
            -0.014939197550659455,
            -0.031779426067415004
        ],
        [
            -0.032090346548336215,
            0.010987302274349986
        ],
        [
            -0.15468046718822132,
            -8.588926769877759
        ],
        [
            -0.27437250085018905,
            -17.179902234526992
        ],
        [
            -0.3811267684353263,
            -23.62474454138313
        ],
        [
            -0.9079664094525886,
            -30.029833985729
        ],
        [
            -1.6305974695191991,
            -35.11654650720234
        ],
        [
            -2.628304218929631,
            -39.075403806963195
        ],
        [
            -3.6005255283402393,
            -42.679423913633585
        ],
        [
            -5.132900276740654,
            -44.57560976121856
        ],
        [
            -5.891170022904653,
            -47.11063260633985
        ],
        [
            -6.987909631473815,
            -48.90589158879671
        ]
    ]
}