{
    "mse": 525.9308145260445,
    "max_dev": 49.45959835792403,
    "smoothness": 305.16050562899255,
    "num_episodes": 5,
    "mean_trajectory": [
        [
            5.551115123125783e-18,
            -5.551115123125783e-18
        ],
        [
            0.02314313038563167,
            0.009132641891574778
        ],
        [
            -0.004476473781101942,
            0.0185848291530064
        ],
        [
            0.014393626622256291,
            -0.007944327354538917
        ],
        [
            0.016605317190455625,
            -0.02228454248037724
        ],
        [
            0.004617932938605615,
            0.009129584194528756
        ],
        [
            0.019173417131163394,
            0.04024669847902333
        ],
        [
            0.008685938564686324,
            0.00017885353854718566
        ],
        [
            -0.016248615993889864,
            0.015711300549516322
        ],
        [
            -0.001192436816388326,
            -0.010612169271679184
        ],
        [
            0.033047012907179964,
            0.005518547938203104
        ],
        [
            -0.014944842673767564,
            -0.004501750998595827
        ],
        [
            0.03025779823937259,
            -0.007649635842177168
        ],
        [
            -0.0074695987753297275,
            -0.015889713033707502
        ],
        [
            -0.01604517327416808,
            0.0054936511371778355
        ],
        [
            -0.1623402359782963,
            -8.604463232350986
        ],
        [
            -0.2371862504250945,
            -17.179951269851387
        ],
        [
            -0.3590633868402676,
            -23.57337256060854
        ],
        [
            -0.9039832142630366,
            -30.048917008123283
        ],
        [
            -1.6621487540953468,
            -35.0993726722413
        ],
        [
            -2.614152129491977,
            -39.09610221018325
        ],
        [
            -3.554947842397637,
            -42.67882250903235
        ],
        [
            -5.116450216666989,
            -44.598645216455225
        ],
        [
            -5.911053481128107,
            -47.10422674803991
        ],
        [
            -6.983954670978679,
            -48.96403013315874
        ]
    ]
}