{
    "mse": 7.4105861794375585,
    "max_dev": 5.630975376687713,
    "smoothness": 13.982242555974087,
    "num_episodes": 5,
    "mean_trajectory": [
        [
            0.6886427838357948,
            0.29543518898249566
        ],
        [
            0.10288939786327371,
            0.8213195752167722
        ],
        [
            0.3744453361295162,
            0.8641421306629538
        ],
        [
            0.3864505922026769,
            1.2675941896711846
        ],
        [
            -0.05882431460780442,
            1.4126456567794823
        ],
        [
            0.25288404616109755,
            1.190857466813559
        ],
        [
            0.7365800652791338,
            0.6054058701147274
        ],
        [
            0.8360509565853071,
            0.6541017308672892
        ],
        [
            0.5139350149895134,
            1.2673480278895184
        ],
        [
            0.45058213935010316,
            0.2409683867586072
        ],
        [
            0.7064371928755788,
            0.22420996295432224
        ],
        [
            0.8486766450491485,
            0.17110175077461212
        ],
        [
            0.4231103993638111,
            0.258956001108972
        ],
        [
            1.04067108704967,
            -0.18468097233399255
        ],
        [
            1.74978071181502,
            -0.06852038461045452
        ],
        [
            0.8696680675003986,
            -0.14223907755942616
        ],
        [
            0.7827972895383564,
            -0.0014010366295543308
        ],
        [
            0.4628240731066078,
            0.3605274499983384
        ],
        [
            0.3465385519569951,
            0.8429852676578772
        ],
        [
            0.96994514666751,
            1.4837233597998818
        ],
        [
            1.5139745172699144,
            1.9686730832148023
        ],
        [
            1.0467947342140194,
            1.7922740629830431
        ],
        [
            1.6459145820173515,
            2.6684812365736397
        ],
        [
            1.9930740023065507,
            2.860049553466097
        ],
        [
            1.8090653043531948,
            2.6728620444609925
        ],
        [
            1.887389232950462,
            3.3014067823719158
        ],
        [
            2.465542299335321,
            2.857136909752699
        ],
        [
            2.474674857738452,
            2.0752594935057216
        ],
        [
            2.96899671939749,
            2.407489694503563
        ],
        [
            3.065735061774535,
            1.4075528643315818
        ],
        [
            3.1925620505006718,
            1.3503264957772907
        ],
        [
            4.008419859644393,
            1.4295139660883251
        ],
        [
            4.002666217076275,
            1.8244658516383025
        ],
        [
            4.575622991540098,
            2.308435660935584
        ],
        [
            4.715695003068354,
            2.4739309960814237
        ],
        [
            5.301596518424432,
            1.897619047304613
        ]
    ]
}