{
    "mse": 1.8467671295099837,
    "max_dev": 2.8059409530319948,
    "smoothness": 3.4981559454200863,
    "num_episodes": 5,
    "mean_trajectory": [
        [
            0.3443213919178974,
            0.14771759449124783
        ],
        [
            0.051444698931636855,
            0.4106597876083861
        ],
        [
            0.1872226680647581,
            0.4320710653314769
        ],
        [
            0.19322529610133846,
            0.6337970948355923
        ],
        [
            -0.02941215730390221,
            0.7063228283897411
        ],
        [
            0.12644202308054878,
            0.5954287334067795
        ],
        [
            0.3682900326395669,
            0.3027029350573637
        ],
        [
            0.4180254782926536,
            0.3270508654336446
        ],
        [
            0.2569675074947567,
            0.6336740139447592
        ],
        [
            0.22529106967505158,
            0.1204841933793036
        ],
        [
            0.3532185964377894,
            0.11210498147716112
        ],
        [
            0.42433832252457426,
            0.08555087538730606
        ],
        [
            0.21155519968190556,
            0.129478000554486
        ],
        [
            0.520335543524835,
            -0.09234048616699628
        ],
        [
            0.87489035590751,
            -0.03426019230522726
        ],
        [
            0.4348340337501993,
            -0.07111953877971308
        ],
        [
            0.3913986447691782,
            -0.0007005183147771654
        ],
        [
            0.2314120365533039,
            0.1802637249991692
        ],
        [
            0.17326927597849756,
            0.4214926338289386
        ],
        [
            0.484972573333755,
            0.7418616798999409
        ],
        [
            0.7569872586349572,
            0.9843365416074011
        ],
        [
            0.5233973671070097,
            0.8961370314915216
        ],
        [
            0.8229572910086758,
            1.3342406182868198
        ],
        [
            0.9965370011532754,
            1.4300247767330485
        ],
        [
            0.9045326521765974,
            1.3364310222304963
        ],
        [
            0.943694616475231,
            1.6507033911859579
        ],
        [
            1.2327711496676605,
            1.4285684548763495
        ],
        [
            1.237337428869226,
            1.0376297467528608
        ],
        [
            1.484498359698745,
            1.2037448472517815
        ],
        [
            1.5328675308872675,
            0.7037764321657909
        ],
        [
            1.585974907684251,
            0.6751240707385164
        ],
        [
            1.9953326098162663,
            0.707506613010365
        ],
        [
            2.001982809373902,
            0.8988504549515397
        ],
        [
            2.3106596979953506,
            1.1230451050487773
        ],
        [
            2.358240835041843,
            1.1985241976555527
        ],
        [
            2.6553009572394517,
            0.9070178930899602
        ]
    ]
}