{
    "mse": 633.5717088307528,
    "max_dev": 45.885480677405035,
    "smoothness": 174.33164832868712,
    "num_episodes": 5,
    "mean_trajectory": [
        [
            -2.2204460492503132e-17,
            4.4408920985006264e-17
        ],
        [
            0.04927436529671929,
            0.013261306635498099
        ],
        [
            0.0003065688003075495,
            0.010369482109990752
        ],
        [
            0.1744184538958998,
            -0.04662028642223701
        ],
        [
            0.04551425578992864,
            0.06241262243868402
        ],
        [
            -0.02058277212826014,
            0.016964371380056253
        ],
        [
            0.00732738146454297,
            0.025654184289482566
        ],
        [
            0.05545188979281379,
            0.05738576333584923
        ],
        [
            0.07344295293082766,
            0.016046654667115162
        ],
        [
            0.02515533162438275,
            0.006341366860411502
        ],
        [
            0.015097254273771732,
            -0.012892250866074376
        ],
        [
            -0.0353679705163268,
            0.0051960918902628885
        ],
        [
            0.025807476949512416,
            0.01684400197570122
        ],
        [
            0.022808808178681562,
            -0.07373921021315488
        ],
        [
            0.018018570364025106,
            0.04151628887072323
        ],
        [
            -0.0070995100206913105,
            0.0016938509774771099
        ],
        [
            0.02034771071945593,
            0.06987369993553223
        ],
        [
            -0.042811298848729,
            -0.043450691325238835
        ],
        [
            0.018698561725617947,
            0.04211643841388798
        ],
        [
            -0.009665293816999775,
            0.020979351219375792
        ],
        [
            -0.09212022167022468,
            0.049436765292202554
        ],
        [
            -0.03795914647207614,
            -0.0014031187208720208
        ],
        [
            -0.024736251932185094,
            -0.04085052615442003
        ],
        [
            -0.009845600767877017,
            -0.05979319008434132
        ],
        [
            1.0418087373743188,
            -2.838508225982666
        ],
        [
            1.3639131151009551,
            -6.384733843806439
        ],
        [
            1.0722551389423274,
            -10.910241057040972
        ],
        [
            2.251478779688808,
            -13.59379996461281
        ],
        [
            2.1805982123646728,
            -18.829314891754194
        ],
        [
            4.108592732198606,
            -21.987983946418968
        ],
        [
            4.674813216470073,
            -26.737952006928072
        ],
        [
            3.95186893115921,
            -30.1592824959096
        ],
        [
            5.055965307919534,
            -33.97123156121503
        ],
        [
            4.845900720635486,
            -36.4090360553151
        ],
        [
            3.2761837707660453,
            -37.33792894880379
        ],
        [
            1.190559424826839,
            -37.27709071961492
        ],
        [
            -0.20254542363574296,
            -38.710331967329594
        ],
        [
            -1.6085291467265506,
            -40.366243351419335
        ],
        [
            -1.2406897602409939,
            -41.55079795419208
        ],
        [
            -0.1280139919344677,
            -41.81563126044749
        ],
        [
            0.8443991831027955,
            -42.10004667503381
        ],
        [
            0.5615346616584362,
            -42.963848099148564
        ],
        [
            -0.2520068986027919,
            -43.81392262432179
        ],
        [
            -1.2302262700081754,
            -44.22824700399451
        ],
        [
            -2.2044494269193384,
            -44.2590825428107
        ],
        [
            -2.4367910230920593,
            -44.558980392228236
        ],
        [
            -2.5437978034968154,
            -45.082197044135356
        ],
        [
            -2.746157329613289,
            -45.80323085675859
        ]
    ]
}