{
    "mse": 633.2937003392016,
    "max_dev": 45.93379324181921,
    "smoothness": 175.81336506583867,
    "num_episodes": 5,
    "mean_trajectory": [
        [
            0.0,
            0.0
        ],
        [
            0.0,
            0.0
        ],
        [
            0.0,
            0.0
        ],
        [
            0.0,
            0.0
        ],
        [
            0.0,
            0.0
        ],
        [
            0.0,
            0.0
        ],
        [
            0.0,
            0.0
        ],
        [
            0.0,
            0.0
        ],
        [
            0.0,
            0.0
        ],
        [
            0.0,
            0.0
        ],
        [
            0.0,
            0.0
        ],
        [
            0.0,
            0.0
        ],
        [
            0.0,
            0.0
        ],
        [
            0.0,
            0.0
        ],
        [
            0.0,
            0.0
        ],
        [
            0.0,
            0.0
        ],
        [
            0.0,
            0.0
        ],
        [
            0.0,
            0.0
        ],
        [
            0.0,
            0.0
        ],
        [
            0.0,
            0.0
        ],
        [
            0.0,
            0.0
        ],
        [
            0.0,
            0.0
        ],
        [
            0.0,
            0.0
        ],
        [
            0.0,
            0.0
        ],
        [
            1.1199999809265133,
            -2.8600000381469712
        ],
        [
            1.3800000190734867,
            -6.400000000000006
        ],
        [
            1.1519999599456767,
            -10.976000156402591
        ],
        [
            2.2580000782012917,
            -13.520000305175785
        ],
        [
            2.16519999599457,
            -18.877600320816043
        ],
        [
            4.155799931526182,
            -21.912000640869138
        ],
        [
            4.686520075893405,
            -26.717760337257346
        ],
        [
            3.915579993152612,
            -30.12119884338381
        ],
        [
            5.088652083883282,
            -33.89177725442886
        ],
        [
            4.851557846727371,
            -36.392118663635245
        ],
        [
            3.358865208388329,
            -37.35917894614596
        ],
        [
            1.285155784672737,
            -37.27921125601199
        ],
        [
            -0.1741134696244231,
            -38.7359178946146
        ],
        [
            -1.6114843833857542,
            -40.307919904898085
        ],
        [
            -1.2974113660359288,
            -41.553590568758295
        ],
        [
            -0.11114843833857613,
            -41.770791380138235
        ],
        [
            0.8702588633964075,
            -42.05535905687577
        ],
        [
            0.5788851657028857,
            -42.997080358716914
        ],
        [
            -0.2229741041236153,
            -43.73553468498443
        ],
        [
            -1.2321114452827402,
            -44.23970742552012
        ],
        [
            -2.132297448559335,
            -44.243554689201574
        ],
        [
            -2.433211182675244,
            -44.523970742552024
        ],
        [
            -2.523229783002904,
            -45.17435546892011
        ],
        [
            -2.7333210801205503,
            -45.85239707425518
        ]
    ]
}