{
    "mse": 633.4316790425102,
    "max_dev": 45.909636284420664,
    "smoothness": 174.98368766447868,
    "num_episodes": 5,
    "mean_trajectory": [
        [
            -1.1102230246251566e-17,
            2.2204460492503132e-17
        ],
        [
            0.024637182648359644,
            0.0066306533177490495
        ],
        [
            0.00015328440015377476,
            0.005184741054995376
        ],
        [
            0.0872092269479499,
            -0.023310143211118507
        ],
        [
            0.02275712789496432,
            0.03120631121934201
        ],
        [
            -0.01029138606413007,
            0.008482185690028126
        ],
        [
            0.003663690732271485,
            0.012827092144741283
        ],
        [
            0.027725944896406896,
            0.028692881667924615
        ],
        [
            0.03672147646541383,
            0.008023327333557581
        ],
        [
            0.012577665812191375,
            0.003170683430205751
        ],
        [
            0.007548627136885866,
            -0.006446125433037188
        ],
        [
            -0.0176839852581634,
            0.0025980459451314442
        ],
        [
            0.012903738474756208,
            0.00842200098785061
        ],
        [
            0.011404404089340781,
            -0.03686960510657744
        ],
        [
            0.009009285182012553,
            0.020758144435361614
        ],
        [
            -0.0035497550103456552,
            0.0008469254887385549
        ],
        [
            0.010173855359727965,
            0.034936849967766116
        ],
        [
            -0.0214056494243645,
            -0.021725345662619418
        ],
        [
            0.009349280862808973,
            0.02105821920694399
        ],
        [
            -0.004832646908499888,
            0.010489675609687896
        ],
        [
            -0.04606011083511234,
            0.024718382646101277
        ],
        [
            -0.01897957323603807,
            -0.0007015593604360104
        ],
        [
            -0.012368125966092547,
            -0.020425263077210015
        ],
        [
            -0.004922800383938863,
            -0.029896595042170303
        ],
        [
            1.080904359150416,
            -2.849254132064819
        ],
        [
            1.3719565670872202,
            -6.392366921903218
        ],
        [
            1.1121275494440048,
            -10.943120606721774
        ],
        [
            2.25473942894505,
            -13.556900134894295
        ],
        [
            2.172899104179622,
            -18.853457606285104
        ],
        [
            4.132196331862393,
            -21.949992293644062
        ],
        [
            4.680666646181737,
            -26.72785617209272
        ],
        [
            3.9337244621559124,
            -30.14024066964671
        ],
        [
            5.072308695901411,
            -33.93150440782193
        ],
        [
            4.848729283681429,
            -36.400577359475164
        ],
        [
            3.3175244895771874,
            -37.3485539474749
        ],
        [
            1.2378576047497885,
            -37.278150987813454
        ],
        [
            -0.18832944663008355,
            -38.7231249309721
        ],
        [
            -1.6100067650561516,
            -40.33708162815871
        ],
        [
            -1.2690505631384614,
            -41.55219426147521
        ],
        [
            -0.11958121513652138,
            -41.79321132029285
        ],
        [
            0.8573290232496014,
            -42.077702865954834
        ],
        [
            0.5702099136806609,
            -42.980464228932746
        ],
        [
            -0.2374905013632045,
            -43.77472865465313
        ],
        [
            -1.2311688576454585,
            -44.23397721475732
        ],
        [
            -2.168373437739338,
            -44.25131861600613
        ],
        [
            -2.4350011028836525,
            -44.541475567390115
        ],
        [
            -2.5335137932498606,
            -45.12827625652774
        ],
        [
            -2.739739204866921,
            -45.827813965506905
        ]
    ]
}