{
    "mse": 13.508834661577932,
    "max_dev": 6.223764929960105,
    "smoothness": 29.2878012768723,
    "num_episodes": 5,
    "mean_trajectory": [
        [
            1.049399258352126,
            0.011896064927145743
        ],
        [
            0.811560292502486,
            -0.21332256760716745
        ],
        [
            1.1357138071370314,
            -0.08913194011583983
        ],
        [
            0.8820839658458823,
            0.35299508200148466
        ],
        [
            2.0622754823233778,
            1.5438055828623647
        ],
        [
            1.8007532368614563,
            1.8398306951918357
        ],
        [
            2.4463630079524052,
            1.6596072499248748
        ],
        [
            2.9749107470568403,
            1.923448054492394
        ],
        [
            3.1094121469710374,
            2.2209763485326106
        ],
        [
            3.036623473933628,
            2.2395954138373897
        ],
        [
            2.6462329104391076,
            1.8991475113324554
        ],
        [
            2.563607242784746,
            1.4072559844753527
        ],
        [
            2.490923028953884,
            1.3896147126034635
        ],
        [
            0.44377089541054177,
            1.6546836205629802
        ],
        [
            -0.7630662864437798,
            1.725169585216986
        ],
        [
            -0.8804201745040473,
            1.3541859817914657
        ],
        [
            -1.4309820531572228,
            1.6876990470589361
        ],
        [
            -2.477196728546045,
            2.019214230330408
        ],
        [
            -4.361747533633914,
            2.3727716467378968
        ],
        [
            -4.526872985916739,
            2.5860544574572715
        ],
        [
            -4.668404173059474,
            0.11516083319227163
        ],
        [
            -4.71793954745017,
            0.6700224479418694
        ],
        [
            -4.6799670920011405,
            -1.707855867483886
        ],
        [
            -5.631841451251267,
            -1.8001464081269887
        ],
        [
            -5.905070382857284,
            -1.966060445892508
        ],
        [
            -5.742091823992407,
            -2.118758487030865
        ]
    ]
}