{
    "mse": 11.001084677609423,
    "max_dev": 6.046204203363274,
    "smoothness": 23.75490834519626,
    "num_episodes": 5,
    "mean_trajectory": [
        [
            1.2892645668028848,
            0.005948032463572872
        ],
        [
            1.1703450838780625,
            -0.10666128380358941
        ],
        [
            1.3595277550968092,
            -0.04456597005794265
        ],
        [
            1.2327128344512375,
            0.1764975410007196
        ],
        [
            2.2982378420221594,
            0.7719027914311483
        ],
        [
            2.167476719291199,
            0.9199153475958838
        ],
        [
            2.490281604836673,
            0.8298036249624033
        ],
        [
            2.7545554743888907,
            0.9617240272461686
        ],
        [
            2.821806174345989,
            1.1104881742662769
        ],
        [
            2.676543748539147,
            1.119797706918689
        ],
        [
            2.4813484667918866,
            0.949573755666222
        ],
        [
            2.4400356329647055,
            0.703627992237682
        ],
        [
            2.403693526049275,
            0.6948073563017487
        ],
        [
            0.535662219385167,
            0.8273418102815071
        ],
        [
            -0.8260042656994873,
            0.8625847926085157
        ],
        [
            -1.0213067987668971,
            0.6770929908957669
        ],
        [
            -1.296587738093487,
            0.8438495235295023
        ],
        [
            -1.8196950757878994,
            1.0096071151652268
        ],
        [
            -3.916576624861213,
            1.1863858233689826
        ],
        [
            -3.999139351002623,
            1.2930272287286697
        ],
        [
            -4.145935614077876,
            -1.151116926299892
        ],
        [
            -4.170703301273221,
            -0.8736861189251158
        ],
        [
            -4.151717073548698,
            -3.003834199175094
        ],
        [
            -5.034584063411349,
            -3.049979469496634
        ],
        [
            -5.171198529214356,
            -3.1329364883793938
        ],
        [
            -5.089709249781918,
            -3.2092855089485717
        ]
    ]
}