{
    "mse": 10.642385441049809,
    "max_dev": 6.178855543410388,
    "smoothness": 21.586569698664785,
    "num_episodes": 5,
    "mean_trajectory": [
        [
            1.5291298752536449,
            0.0
        ],
        [
            1.5291298752536449,
            0.0
        ],
        [
            1.5833417030565897,
            0.0
        ],
        [
            1.5833417030565897,
            0.0
        ],
        [
            2.5342002017209353,
            0.0
        ],
        [
            2.5342002017209353,
            0.0
        ],
        [
            2.5342002017209353,
            0.0
        ],
        [
            2.5342002017209353,
            0.0
        ],
        [
            2.5342002017209353,
            0.0
        ],
        [
            2.316464023144661,
            0.0
        ],
        [
            2.316464023144661,
            0.0
        ],
        [
            2.316464023144661,
            0.0
        ],
        [
            2.316464023144661,
            0.0
        ],
        [
            0.6275535433597881,
            0.0
        ],
        [
            -0.8889422449551976,
            0.0
        ],
        [
            -1.1621934230297484,
            0.0
        ],
        [
            -1.1621934230297484,
            0.0
        ],
        [
            -1.1621934230297484,
            0.0
        ],
        [
            -3.471405716088512,
            0.0
        ],
        [
            -3.471405716088512,
            0.0
        ],
        [
            -3.6234670550962846,
            -2.4173946857921464
        ],
        [
            -3.6234670550962846,
            -2.4173946857921464
        ],
        [
            -3.6234670550962846,
            -4.2998125308663475
        ],
        [
            -4.437326675571455,
            -4.2998125308663475
        ],
        [
            -4.437326675571455,
            -4.2998125308663475
        ],
        [
            -4.437326675571455,
            -4.2998125308663475
        ]
    ]
}