{
    "mse": 45.239131297834554,
    "max_dev": 10.066736078532912,
    "smoothness": 27.70697050479335,
    "num_episodes": 5,
    "mean_trajectory": [
        [
            -0.09766635933936811,
            0.0768737492178218
        ],
        [
            -0.13474981158374533,
            -0.12775243163092115
        ],
        [
            0.16563345288780126,
            0.021659207896311726
        ],
        [
            0.2538081008148609,
            0.027220200020332187
        ],
        [
            0.07054349173917593,
            -1.301912059114278
        ],
        [
            0.07029366011114355,
            -1.3041556525176872
        ],
        [
            -0.8684198182369613,
            -1.360042378570165
        ],
        [
            -1.0880224841598178,
            -1.3085960829310124
        ],
        [
            -1.0794376639277943,
            -1.740361581907365
        ],
        [
            -0.848241057213329,
            -1.7783479848775983
        ],
        [
            -2.8452477976087636,
            -1.691714535893135
        ],
        [
            -4.378195700477744,
            -4.616332675034164
        ],
        [
            -4.667203276282871,
            -4.668291824144887
        ],
        [
            -4.8736269251925535,
            -4.412123336056345
        ],
        [
            -5.280589718382015,
            -4.639332771862735
        ],
        [
            -5.296805155801172,
            -4.027659128545679
        ],
        [
            -5.116398749606191,
            -4.172989783038986
        ],
        [
            -5.03211337652952,
            -6.619444893724529
        ],
        [
            -5.132256076327346,
            -6.964589807864786
        ],
        [
            -6.454889187948117,
            -6.996783052010107
        ],
        [
            -6.642335909993562,
            -7.189883514538883
        ],
        [
            -6.948633577889129,
            -7.283932088856124
        ],
        [
            -7.034835528448949,
            -6.877773552397969
        ],
        [
            -7.161605243190477,
            -6.991538850095287
        ],
        [
            -7.4197969636330665,
            -6.792138354666906
        ],
        [
            -6.883685362967512,
            -7.187871453277944
        ],
        [
            -7.031086293816602,
            -7.101199191347552
        ]
    ]
}