{
    "mse": 39.66193395023402,
    "max_dev": 9.237087877749532,
    "smoothness": 26.18346527720866,
    "num_episodes": 5,
    "mean_trajectory": [
        [
            0.0,
            0.0
        ],
        [
            0.0,
            0.0
        ],
        [
            0.0,
            0.0
        ],
        [
            0.0,
            0.0
        ],
        [
            0.0,
            -1.3170036526332467
        ],
        [
            0.0,
            -1.3170036526332467
        ],
        [
            -0.9195984928408336,
            -1.3170036526332467
        ],
        [
            -0.9195984928408336,
            -1.3170036526332467
        ],
        [
            -0.9195984928408336,
            -1.3170036526332467
        ],
        [
            -0.9195984928408336,
            -1.3170036526332467
        ],
        [
            -2.569172640334614,
            -1.3170036526332467
        ],
        [
            -4.004138684070398,
            -4.284590471526428
        ],
        [
            -4.004138684070398,
            -4.284590471526428
        ],
        [
            -4.544361516686706,
            -4.284590471526428
        ],
        [
            -4.544361516686706,
            -4.284590471526428
        ],
        [
            -4.544361516686706,
            -4.284590471526428
        ],
        [
            -4.544361516686706,
            -4.284590471526428
        ],
        [
            -4.544361516686706,
            -7.072383515834076
        ],
        [
            -4.544361516686706,
            -7.072383515834076
        ],
        [
            -5.9418165459921255,
            -7.072383515834076
        ],
        [
            -5.9418165459921255,
            -7.072383515834076
        ],
        [
            -5.9418165459921255,
            -7.072383515834076
        ],
        [
            -5.9418165459921255,
            -7.072383515834076
        ],
        [
            -5.9418165459921255,
            -7.072383515834076
        ],
        [
            -5.9418165459921255,
            -7.072383515834076
        ],
        [
            -5.9418165459921255,
            -7.072383515834076
        ],
        [
            -5.9418165459921255,
            -7.072383515834076
        ]
    ]
}