{
    "mse": 51.789423507912176,
    "max_dev": 11.02611424257243,
    "smoothness": 34.744330249759464,
    "num_episodes": 5,
    "mean_trajectory": [
        [
            -0.1953327186787348,
            0.15374749843564928
        ],
        [
            -0.2694996231674878,
            -0.2555048632618366
        ],
        [
            0.33126690577560397,
            0.043318415792634825
        ],
        [
            0.5076162016297225,
            0.05444040004067006
        ],
        [
            0.14108698347835294,
            -1.2868204655953037
        ],
        [
            0.14058732022228781,
            -1.2913076524021392
        ],
        [
            -0.8172411436330898,
            -1.4030811045070948
        ],
        [
            -1.256446475478802,
            -1.3001885132287838
        ],
        [
            -1.239276835014755,
            -2.1637195111814775
        ],
        [
            -0.7768836215858187,
            -2.239692317121944
        ],
        [
            -3.121322954882902,
            -2.066425419153023
        ],
        [
            -4.752252716885081,
            -4.948074878541888
        ],
        [
            -5.330267868495329,
            -5.051993176763335
        ],
        [
            -5.202892333698395,
            -4.539656200586274
        ],
        [
            -6.016817920077335,
            -4.9940750721990295
        ],
        [
            -6.0492487949156555,
            -3.7707277855649295
        ],
        [
            -5.688435982525704,
            -4.061389094551544
        ],
        [
            -5.519865236372368,
            -6.166506271614947
        ],
        [
            -5.720150635968011,
            -6.856796099895405
        ],
        [
            -6.967961829904132,
            -6.921182588186037
        ],
        [
            -7.342855273995019,
            -7.307383513243565
        ],
        [
            -7.955450609786152,
            -7.495480661878048
        ],
        [
            -8.127854510905795,
            -6.683163588961759
        ],
        [
            -8.381393940388854,
            -6.910694184356397
        ],
        [
            -8.897777381274029,
            -6.511893193499633
        ],
        [
            -7.825554179942922,
            -7.30335939072171
        ],
        [
            -8.120356041641102,
            -7.130014866860927
        ]
    ]
}