{
    "mse": 1.42184873998179,
    "max_dev": 2.2390944189267485,
    "smoothness": 3.3584211593101005,
    "num_episodes": 5,
    "mean_trajectory": [
        [
            -0.13338162135532547,
            -0.24363904520012974
        ],
        [
            -0.14945839003446118,
            -0.19178471260331734
        ],
        [
            0.3808709895415042,
            -0.2680990409972807
        ],
        [
            -0.26813613342089876,
            -0.2740554970437927
        ],
        [
            -0.49142902410176215,
            0.09384563481503108
        ],
        [
            -0.500614972618574,
            -0.0783386861337135
        ],
        [
            -0.5711904687069854,
            0.1177597135520216
        ],
        [
            -0.8635455780979541,
            -0.05025968467087409
        ],
        [
            -0.6601857627533789,
            -0.35466828132123285
        ],
        [
            -0.856559765380102,
            -0.0935665017451015
        ],
        [
            -0.8590961920242577,
            -0.2507979112803014
        ],
        [
            -1.0151089254268335,
            -0.058833191111227735
        ],
        [
            -1.0694021730960928,
            0.13949880651776994
        ],
        [
            -1.3689731934333131,
            0.4247895758859386
        ],
        [
            -1.1652541385334814,
            0.21685834831416742
        ],
        [
            -1.1599695336196625,
            0.38924451511928737
        ],
        [
            -0.840215695266599,
            0.5273861759755392
        ],
        [
            -0.8571212338711405,
            0.7627824557509826
        ],
        [
            -0.4648767773674237,
            1.0214694969783977
        ],
        [
            -0.47996080795845797,
            0.7655216996274703
        ],
        [
            -0.5374962281982242,
            1.1415709701248034
        ],
        [
            -1.0043955307061065,
            1.2455625063444131
        ],
        [
            -1.1090823060910744,
            1.3274409625552608
        ],
        [
            -1.1623588929444906,
            0.9537154007694426
        ],
        [
            -0.984058659682588,
            0.7915322219977725
        ],
        [
            -1.185368448875991,
            0.5999170815557818
        ],
        [
            -0.9952741000943192,
            0.7308060257402985
        ],
        [
            -1.473087488706873,
            0.9991373598990776
        ],
        [
            -1.729144872296234,
            1.2097402670614201
        ],
        [
            -1.8854356372128294,
            1.2077567117581112
        ]
    ]
}