{
    "mse": 8.168847284237899,
    "max_dev": 5.36130107360571,
    "smoothness": 13.73469886516076,
    "num_episodes": 5,
    "mean_trajectory": [
        [
            -0.26676324271065094,
            -0.4872780904002595
        ],
        [
            -0.3136232645082879,
            -0.34764770708281956
        ],
        [
            0.7289919454862627,
            -0.4854844994379846
        ],
        [
            -0.5765274155672204,
            -0.4883940719226814
        ],
        [
            -1.0659362007219055,
            0.26487834087332657
        ],
        [
            -1.1338245212040257,
            -0.07348995659436923
        ],
        [
            -1.2818908522835364,
            0.31870684277711236
        ],
        [
            -1.8666010710654746,
            -0.0047157408637360735
        ],
        [
            -1.4786929497059007,
            -0.6082506009397435
        ],
        [
            -1.8515073745013368,
            -0.06317021393954292
        ],
        [
            -1.877505595312165,
            -0.36060461415069084
        ],
        [
            -2.235166027415152,
            0.030242201949238278
        ],
        [
            -2.4052365789883456,
            0.4759215177892884
        ],
        [
            -3.0288494290184094,
            1.045753526495514
        ],
        [
            -2.6556538318205734,
            0.6616522963778607
        ],
        [
            -2.6627160304451856,
            1.0317147662154185
        ],
        [
            -2.0667630201739158,
            1.3589631453583593
        ],
        [
            -2.11357602616048,
            1.8652979427807737
        ],
        [
            -1.3570926154817897,
            2.4087795796402247
        ],
        [
            -1.3989033985860524,
            1.9093895137811046
        ],
        [
            -1.5644658770013276,
            2.705580689545786
        ],
        [
            -2.502772016411691,
            2.92602848713891
        ],
        [
            -2.6707823968357713,
            3.126377049510552
        ],
        [
            -2.8056342961849454,
            2.365919335986587
        ],
        [
            -2.5065103547892496,
            2.043584687604971
        ],
        [
            -2.9426653809217633,
            1.7051342770369047
        ],
        [
            -2.588825216007838,
            1.994425382028112
        ],
        [
            -3.5580895747326986,
            2.5621061426631515
        ],
        [
            -4.109123042435451,
            3.011540145826939
        ],
        [
            -4.424080946769736,
            3.0283753034052325
        ]
    ]
}