{
    "mse": 0.0253842130676165,
    "max_dev": 0.2664095885932793,
    "smoothness": 0.005152135627455599,
    "num_episodes": 5,
    "mean_trajectory": [
        [
            0.0,
            0.0
        ],
        [
            0.0025909487979916433,
            -0.0007089284558219333
        ],
        [
            0.0025909487979916433,
            -0.0007089284558219333
        ],
        [
            0.00839600181083835,
            -0.0013208078391130583
        ],
        [
            0.019728308050189703,
            -0.0013208078391130583
        ],
        [
            0.02814756406417196,
            -0.0013208078391130583
        ],
        [
            0.032124092160793795,
            -0.0013208078391130583
        ],
        [
            0.046176680382939136,
            -0.0013208078391130583
        ],
        [
            0.060086194119941184,
            -0.0013208078391130583
        ],
        [
            0.061245494185766344,
            -0.0013208078391130583
        ],
        [
            0.07542296272094262,
            -0.002303163015915288
        ],
        [
            0.08634248035363754,
            -0.002303163015915288
        ],
        [
            0.10200900536750127,
            -0.002303163015915288
        ],
        [
            0.10721002558202102,
            -0.002303163015915288
        ],
        [
            0.12708203191758044,
            -0.002303163015915288
        ],
        [
            0.1423492984483019,
            -0.002303163015915288
        ],
        [
            0.1423492984483019,
            -0.002303163015915288
        ],
        [
            0.14234929844830332,
            -0.002303163015915288
        ],
        [
            0.1494100487840754,
            -0.002303163015926657
        ],
        [
            0.18384471941796363,
            -0.002303163015926657
        ],
        [
            0.19661569728496672,
            -0.002303163015926657
        ],
        [
            0.20768211115335058,
            -0.002303163015926657
        ],
        [
            0.19584103858430738,
            -0.002303163015926657
        ],
        [
            0.21852986133593286,
            -0.005828084595214023
        ],
        [
            0.2459465223624619,
            -0.005828084595214023
        ],
        [
            0.26436250987156595,
            -0.00630720407455101
        ],
        [
            0.26564678253460555,
            -0.00630720407455101
        ],
        [
            0.26564678253460555,
            -0.00630720407455101
        ],
        [
            0.26633491710852014,
            -0.00630720407455101
        ],
        [
            0.26633491710852014,
            -0.00630720407455101
        ]
    ]
}